Year,Rk_Off,Team,Wins,Losses,G,PF_Off,Total Yds_Off,Plays_Off,Y/P_Off,TO_Off,FL_Off,1stD_Off,Cmp_Off,Pass Att_Off,Pass Yds_Off,Pass TD_Off,Int_Off,Pass NY/A_Off,Pass 1stD_Off,Rush Att_Off,Rush Yds_Off,Rush TD_Off,Rush Y/A_Off,Rush 1stD_Off,Pen_Off,Pen Yds_Off,1stPy_Off,Sc%_Off,TO%_Off,EXP_Off,Rk_Def,PF_Def,Total Yds_Def,Ply_Def,Y/P_Def,TO_Def,FL_Def,Total 1stD_Def,Cmp_Def,Pass Att_Def,Pass Yds_Def,Pass TD_Def,Int_Def,Pass NY/A_Def,Pass 1stD_Def,Rush Att_Def,Rush Yds_Def,Rush TD_Def,Rush Y/A_Def,Rush 1stD_Def,Pen_Def,Pen Yds_Def,1stPy_Def,Sc%_Def,TO%_Def,EXP_Def
2000,1,St. Louis Rams,10,6,16,540,7075,1014,7,35,12,380,380,587,5232,37,23,8.3,247,383,1843,26,4.8,112,111,942,21,46.8,16.7,49.41,31,471,5494,968,5.7,25,6,321,323,534,3797,32,19,6.5,195,383,1697,18,4.4,95,101,747,31,40.9,12.4,21.56
2000,2,Denver Broncos,11,5,16,485,6554,1115,5.9,25,13,383,354,569,4243,28,12,7.1,223,516,2311,21,4.5,124,89,792,36,38.3,11.7,-40.21,23,369,5544,962,5.8,44,17,294,310,574,3946,26,27,6.4,189,344,1598,13,4.6,80,109,898,25,30.2,20.8,104.83
2000,3,Oakland Raiders,12,4,16,479,5776,1023,5.6,20,9,337,284,475,3306,28,11,6.6,177,520,2470,23,4.8,128,118,940,32,39.2,10.6,11.03,9,299,5249,1014,5.2,37,16,320,359,588,3698,25,21,5.9,202,383,1551,8,4,85,117,912,33,26.9,18.7,185.58
2000,4,Indianapolis Colts,10,6,16,429,6141,1026,6,29,14,357,357,571,4282,33,15,7.2,213,435,1859,14,4.3,111,89,866,33,40.4,15.2,47.85,15,326,5357,1018,5.3,22,8,310,317,530,3422,22,14,6,177,446,1935,13,4.3,109,103,820,24,31.1,11.7,64.32
2000,5,Minnesota Vikings,11,5,16,397,5961,958,6.2,28,10,319,307,495,3832,33,18,7.2,193,428,2129,14,5,107,106,908,19,39.7,14.9,-60.12,24,371,5701,1011,5.6,18,10,344,369,584,3913,23,8,6.4,208,396,1788,17,4.5,110,104,747,26,38.2,9.4,2.03
2000,6,Tampa Bay Buccaneers,10,6,16,388,4649,961,4.8,24,11,275,237,433,2583,18,13,5.5,144,490,2066,18,4.2,111,82,702,20,32.7,10.2,-137.51,8,269,4800,1047,4.6,41,16,283,339,594,3152,15,25,4.9,180,398,1648,12,4.1,84,95,688,19,24.1,19.7,268.79
2000,7,San Francisco 49ers,6,10,16,388,6040,1024,5.9,19,9,334,366,583,4239,32,10,7,211,416,1801,15,4.3,98,134,1135,25,34.3,10.5,9.23,28,422,5709,1031,5.5,21,8,347,320,558,3915,25,13,6.6,194,435,1794,22,4.1,110,102,857,43,39.9,10.9,11.43
2000,8,Jacksonville Jaguars,7,9,16,367,5690,1080,5.3,29,14,318,333,545,3658,22,15,6.1,193,481,2032,18,4.2,109,95,703,16,34.8,13.6,-104.56,16,327,4845,934,5.2,30,18,252,258,458,3160,23,12,6.3,144,436,1685,14,3.9,85,96,814,23,27.6,13.8,138.56
2000,9,Kansas City Chiefs,7,9,16,355,5614,999,5.6,26,11,321,342,582,4149,29,15,6.7,207,383,1465,12,3.8,84,118,848,30,30.5,13.2,-89.85,19,354,5280,1041,5.1,29,14,330,358,549,3471,25,15,5.8,201,441,1809,13,4.1,103,108,1020,26,30.3,14.4,112.92
2000,10,New Orleans Saints,10,6,16,354,5397,1041,5.2,26,11,312,298,497,3329,22,15,6.2,169,505,2068,14,4.1,117,124,1024,26,32.4,12.6,-126.04,10,305,4743,949,5,35,15,279,285,488,3071,17,20,5.5,159,395,1672,14,4.2,95,105,837,25,27.7,17.5,130.28
2000,11,Green Bay Packers,9,7,16,353,5321,1038,5.1,33,17,315,348,600,3678,21,16,5.8,197,404,1643,13,4.1,88,88,685,30,34.2,15.8,-118.79,14,323,5069,1012,5,28,7,284,307,557,3451,28,21,5.8,186,417,1618,7,3.9,84,101,992,14,28.6,12.8,154.42
2000,12,Philadelphia Eagles,11,5,16,351,5006,1017,4.9,29,14,295,331,575,3124,21,15,5,182,397,1882,13,4.7,88,113,980,25,33.3,13.8,-206.06,4,245,4820,1055,4.6,31,12,295,314,552,2990,11,19,5,159,453,1830,10,4,105,111,936,31,25.1,14.9,222.88
2000,13,Tennessee Titans,13,3,16,346,5350,1036,5.2,30,14,299,286,462,3266,18,16,6.7,167,547,2084,14,3.8,107,107,870,25,30.4,14.9,-203.66,2,191,3813,908,4.2,30,13,215,242,466,2423,10,17,4.7,134,387,1390,7,3.6,62,97,778,19,18.1,13.8,286.03
2000,14,Baltimore Ravens,12,4,16,333,5014,1058,4.7,26,7,288,287,504,2815,20,19,5.1,156,511,2199,9,4.3,116,95,730,16,32.8,12.8,-226.08,1,165,3967,924,4.3,49,26,216,295,528,2997,11,23,5.3,135,361,970,5,2.7,59,84,535,22,15.5,23.7,431.92
2000,15,New York Giants,12,4,16,328,5376,1064,5.1,24,11,310,311,529,3367,22,13,6,195,507,2009,16,4,100,91,839,15,29.7,12,-107.3,5,246,4546,988,4.6,31,11,274,327,585,3390,23,20,5.4,181,359,1156,7,3.2,62,80,728,31,22.6,15.3,266.17
2000,16,Miami Dolphins,11,5,16,323,4461,945,4.7,26,9,251,243,421,2567,15,17,5.7,122,496,1894,16,3.8,104,115,920,25,30.6,13,-165.42,3,226,4636,995,4.7,41,13,289,282,530,2900,13,28,5,156,417,1736,9,4.2,92,86,793,41,22.8,19.7,224.91
2000,17,Pittsburgh Steelers,9,7,16,321,4766,1009,4.7,21,11,283,217,439,2518,12,10,5.2,128,527,2248,19,4.3,124,81,667,31,29.5,9.5,-175.57,6,255,4713,985,4.8,35,18,252,280,521,3020,13,17,5.4,153,425,1693,9,4,82,105,876,17,26.7,16.8,219.17
2000,18,New York Jets,9,7,16,321,5395,1075,5,40,11,308,352,637,3924,23,29,6,192,418,1471,11,3.5,84,76,626,32,27.8,19,-241.35,13,321,4820,1033,4.7,35,14,267,265,517,2932,17,21,5.3,152,476,1888,9,4,98,100,832,17,27.7,16.3,156.23
2000,19,Seattle Seahawks,6,10,16,320,4680,956,4.9,38,17,281,308,507,2960,21,21,5.4,168,403,1720,10,4.3,98,89,728,15,28.9,18.9,-135.17,25,405,6391,1019,6.3,29,12,331,309,489,3937,23,17,7.6,185,503,2454,20,4.9,126,96,694,20,38.4,15.1,49.05
2000,20,Buffalo Bills,8,8,16,315,5498,1080,5.1,23,13,309,312,546,3576,20,10,5.9,174,475,1922,11,4,111,101,913,24,29,10.5,-125.74,18,350,4426,966,4.6,29,13,252,283,480,2867,18,16,5.5,153,444,1559,13,3.5,76,103,905,23,30.2,14.1,214.42
2000,21,Carolina Panthers,7,9,16,310,4654,998,4.7,35,16,304,340,566,3468,19,19,5.5,201,363,1186,7,3.3,63,84,683,40,32.4,18.2,-194.57,12,310,5656,1005,5.6,38,21,304,352,552,3712,19,17,6.4,184,426,1944,12,4.6,107,128,1073,13,28.7,19.1,109.99
2000,22,Detroit Lions,9,7,16,307,4422,1004,4.4,31,12,264,277,503,2675,14,19,4.8,143,448,1747,15,3.9,101,106,805,20,26.5,14.2,-241.65,11,307,5033,993,5.1,42,17,279,311,544,3210,16,25,5.6,159,421,1823,14,4.3,96,112,913,24,27.7,19.3,200.51
2000,23,Dallas Cowboys,5,11,16,294,4475,943,4.7,39,18,276,255,445,2522,14,21,5.3,128,463,1953,15,4.2,116,108,963,32,29,19.9,-196.59,22,361,5329,1021,5.2,25,9,309,277,458,2693,20,16,5.6,145,538,2636,17,4.9,137,108,999,27,34.2,12.5,51.98
2000,24,Washington Redskins,8,8,16,281,5396,1038,5.2,33,12,308,343,561,3648,18,21,6.2,185,445,1748,14,3.9,98,115,1009,25,27.1,15.6,-136.22,7,269,4474,937,4.8,33,16,254,254,462,2621,12,17,5.2,134,430,1853,9,4.3,97,106,790,23,28.3,16.7,198.36
2000,25,New England Patriots,5,11,16,276,4571,1037,4.4,25,10,283,328,565,3181,18,15,5.2,172,424,1390,9,3.3,80,99,815,31,27.7,12.8,-233.12,17,338,5353,1068,5,23,13,326,321,544,3522,23,10,6.1,184,495,1831,12,3.7,108,95,897,34,31.2,11.6,95.21
2000,26,San Diego Chargers,1,15,16,269,4300,982,4.4,50,20,251,311,578,3238,19,30,5.1,156,351,1062,7,3,63,121,1036,32,21.4,23.3,-269.04,29,440,4959,1061,4.7,22,6,312,326,552,3537,33,16,6,195,470,1422,10,3,76,106,851,41,35.2,9.5,196.96
2000,27,Atlanta Falcons,4,12,16,252,3994,925,4.3,34,14,256,285,514,2780,14,20,4.8,156,350,1214,6,3.5,65,97,720,35,24.6,16.9,-223.68,26,413,5607,999,5.6,25,10,308,306,515,3624,23,15,6.6,175,453,1983,16,4.4,113,122,1010,20,37,12.5,88.81
2000,28,Chicago Bears,5,11,16,216,4541,993,4.6,29,13,239,304,542,2805,12,16,4.9,143,417,1736,6,4.2,89,90,696,7,20.1,14.4,-250.25,20,355,5234,1035,5.1,20,9,297,332,530,3407,25,11,6,172,469,1827,15,3.9,106,78,727,19,29.7,9.7,130.97
2000,29,Arizona Cardinals,3,13,16,210,4528,932,4.9,44,20,253,316,554,3250,16,24,5.5,156,343,1278,6,3.7,71,96,785,26,21.6,22.2,-169.88,30,443,5737,1062,5.4,20,10,345,296,459,3128,19,10,6.5,175,578,2609,29,4.5,149,96,914,21,42.1,11.2,25.06
2000,30,Cincinnati Bengals,4,12,16,185,4260,1001,4.3,35,21,254,207,454,1946,6,14,3.8,109,495,2314,13,4.7,119,99,878,26,16.4,15.3,-232.53,21,359,5487,1068,5.1,21,12,307,318,538,3562,26,9,6.3,182,504,1925,12,3.8,101,115,924,24,32.8,9.7,136.24
2000,31,Cleveland Browns,3,13,16,161,3530,859,4.1,28,9,176,278,483,2445,9,19,4.7,110,336,1085,7,3.2,53,103,925,13,15.8,13.7,-255.49,27,419,5643,1122,5,25,13,343,262,486,3138,18,12,5.9,169,594,2505,26,4.2,147,71,626,27,39.1,10.9,49.34
2001,1,St. Louis Rams,14,2,16,503,6690,1007,6.6,44,22,357,379,551,4663,37,22,7.9,236,416,2027,20,4.9,104,107,847,17,44,20.9,4.1,7,273,4471,952,4.7,34,13,256,314,541,3097,16,21,5.3,153,366,1374,11,3.8,77,100,830,26,25.5,18.1,317.81
2001,2,Indianapolis Colts,6,10,16,413,5955,1025,5.8,38,15,343,349,557,3989,27,23,6.8,206,438,1966,16,4.5,110,76,730,27,36.4,18.5,-60.91,31,486,5715,1004,5.7,25,10,323,311,509,3600,30,15,6.6,195,455,2115,20,4.6,108,96,759,20,41.5,11.4,0.05
2001,3,San Francisco 49ers,12,4,16,409,5689,1041,5.5,19,7,328,318,506,3445,32,12,6.5,184,509,2244,16,4.4,121,82,669,23,36.3,10.4,-40.22,9,282,4954,988,5,34,10,289,332,567,3383,18,24,5.6,179,389,1571,9,4,89,95,812,21,28.4,18.8,132.38
2001,4,Oakland Raiders,10,6,16,399,5361,1030,5.2,25,16,316,364,553,3707,27,9,6.4,195,450,1654,14,3.7,102,107,897,19,36.2,10.8,-43.06,19,327,5071,1002,5.1,24,7,296,290,528,3083,16,17,5.4,166,433,1988,17,4.6,104,81,621,26,30.4,12,143.34
2001,5,Green Bay Packers,12,4,16,390,5463,942,5.8,27,12,282,314,510,3770,32,15,7.1,187,410,1693,11,4.1,72,80,633,23,32.3,12.8,-80.64,5,266,4937,1041,4.7,39,19,278,341,583,3168,14,20,5,176,406,1769,10,4.4,83,104,921,19,23.7,17.5,225.23
2001,6,New England Patriots,11,5,16,371,4882,1001,4.9,28,13,292,306,482,3089,21,15,5.9,163,473,1793,15,3.8,101,92,802,28,32.4,14.6,-179.13,6,272,5352,1016,5.3,35,13,303,299,546,3497,15,22,6,171,429,1855,7,4.3,99,93,839,33,27.7,17.6,210.38
2001,7,Pittsburgh Steelers,13,3,16,352,5887,1065,5.5,21,9,314,274,454,3113,16,12,6.4,150,580,2774,17,4.8,148,86,737,16,34.6,11.5,-53.1,3,212,4137,919,4.5,28,12,254,295,525,2942,19,16,5.1,160,339,1195,5,3.5,70,71,585,24,18.5,13.5,249.92
2001,8,Miami Dolphins,11,5,16,344,4821,953,5.1,38,19,263,275,453,3157,20,19,6.6,154,473,1664,14,3.5,95,107,914,14,29.7,18.1,-135.01,11,290,4608,957,4.8,28,11,283,262,467,2829,22,17,5.6,148,453,1779,9,3.9,97,82,623,38,25.3,13.4,143.56
2001,9,Philadelphia Eagles,11,5,16,343,4923,974,5.1,24,10,256,300,522,3145,27,14,5.6,146,412,1778,6,4.3,90,100,768,20,29.4,10.9,-167.9,2,208,4701,1017,4.6,33,19,262,288,517,2864,13,14,5.1,150,455,1837,6,4,88,85,741,24,21.1,14.1,274.03
2001,10,Denver Broncos,8,8,16,340,4817,1034,4.7,27,8,304,312,511,2940,26,19,5.3,174,481,1877,7,3.9,106,95,917,24,32.8,13.3,-202.11,21,339,4774,960,5,37,15,292,308,515,3282,23,22,5.9,176,406,1492,9,3.7,86,100,853,30,30.5,17.1,138.01
2001,11,Chicago Bears,13,3,16,338,4694,1020,4.6,24,8,277,315,528,2952,20,16,5.4,153,475,1742,12,3.7,100,63,622,24,29.7,11.3,-189.46,1,203,4978,1023,4.9,37,17,277,355,602,3665,12,20,5.6,191,373,1313,6,3.5,71,97,808,15,18.7,18.7,243.25
2001,12,Tennessee Titans,7,9,16,336,5352,1026,5.2,28,11,288,307,515,3558,23,17,6.4,179,468,1794,12,3.8,87,119,1025,22,28.2,13.3,-139.21,25,388,5515,996,5.5,24,11,300,328,559,4084,27,13,6.9,192,405,1431,17,3.5,79,88,832,29,34,11.3,20.66
2001,13,New Orleans Saints,7,9,16,333,5226,1031,5.1,35,13,294,313,562,3514,27,22,5.7,184,419,1712,8,4.1,87,119,1025,23,31.6,16.8,-163.49,27,409,5070,948,5.3,30,15,284,278,452,3355,30,15,6.6,169,443,1715,15,3.9,88,100,877,27,37.3,13.5,105.23
2001,14,San Diego Chargers,5,11,16,332,5200,1010,5.1,29,11,290,309,548,3505,16,18,6.1,177,435,1695,13,3.9,92,97,777,21,30.4,14.4,-125.89,16,321,4904,1025,4.8,31,12,290,317,535,3400,24,19,5.9,166,449,1504,10,3.3,99,79,632,25,30.2,15.1,201.35
2001,15,Tampa Bay Buccaneers,9,7,16,324,4694,1046,4.5,22,10,298,362,592,3323,13,12,5.2,189,407,1371,17,3.4,84,77,672,25,31.5,10.3,-109.11,8,280,4653,950,4.9,39,11,262,273,493,2951,20,28,5.5,156,415,1702,8,4.1,86,91,742,20,27.9,18.9,219.3
2001,16,Kansas City Chiefs,6,10,16,320,5673,1015,5.6,33,9,324,300,528,3665,17,24,6.5,178,448,2008,16,4.5,119,68,602,27,31.6,16.3,-122.57,23,344,5304,1003,5.3,26,13,296,296,491,3164,19,13,6.1,167,481,2140,15,4.4,111,87,761,18,32.1,11.6,64.67
2001,17,New York Jets,10,6,16,308,4795,928,5.2,21,7,274,272,464,2741,17,14,5.7,151,445,2054,11,4.6,105,62,507,18,29.5,10.8,-112.91,12,295,5153,1030,5,39,19,284,313,516,2999,14,20,5.5,155,481,2154,15,4.5,116,85,700,13,28,20.9,155.17
2001,18,Baltimore Ravens,10,6,16,303,5124,1080,4.7,36,16,299,320,557,3314,18,20,5.6,180,483,1810,11,3.7,92,89,728,27,29.2,16.3,-241.92,4,265,4446,1010,4.4,28,12,262,321,555,3035,16,16,5.1,161,410,1411,10,3.4,81,105,903,20,22.1,13.2,269.6
2001,19,Seattle Seahawks,9,7,16,301,4772,980,4.9,21,9,274,258,462,2836,15,12,5.5,141,469,1936,15,4.1,107,66,579,26,26.7,10.2,-91.02,18,324,5206,1028,5.1,27,13,300,339,563,3485,20,14,5.8,186,427,1721,9,4,91,101,805,23,32.1,13.6,97.89
2001,20,Arizona Cardinals,7,9,16,295,4898,955,5.1,27,13,277,304,526,3449,18,14,6.2,177,400,1449,10,3.6,77,72,620,23,27.2,13.3,-122.29,22,343,5685,1071,5.3,24,7,319,337,556,3598,26,17,6.3,179,496,2087,10,4.2,124,110,980,16,31.6,11.8,95.25
2001,21,New York Giants,7,9,16,294,5335,1028,5.2,29,13,295,327,568,3558,19,16,5.9,189,424,1777,11,4.2,93,97,905,13,27,12.8,-130.24,17,321,4975,995,5,28,13,268,298,521,3430,25,15,6,161,428,1545,7,3.6,83,100,695,24,27.6,13.6,153.13
2001,22,Jacksonville Jaguars,6,10,16,294,4840,969,5,27,13,289,321,534,3240,20,14,5.4,181,372,1600,11,4.3,85,97,710,23,25.5,13,-113.67,10,286,5070,1056,4.8,24,12,300,354,544,3459,13,12,5.9,193,469,1611,15,3.4,89,96,834,18,28.9,11.8,187.65
2001,23,Atlanta Falcons,7,9,16,291,5070,988,5.1,28,11,280,278,485,3308,19,17,6,165,439,1762,9,4,85,90,754,30,30.3,14.4,-182.6,24,377,5845,957,6.1,30,12,298,331,515,3902,29,18,7.1,184,405,1943,13,4.8,95,97,852,19,33.9,15,49.62
2001,24,Minnesota Vikings,5,11,16,290,5185,978,5.3,39,16,288,335,555,3576,23,23,5.9,179,376,1609,10,4.3,88,109,836,21,26.4,20.3,-180.13,26,390,5666,985,5.8,18,10,312,291,478,3367,16,8,6.6,166,477,2299,21,4.8,127,92,874,19,39.5,9,34.03
2001,25,Cleveland Browns,7,9,16,285,4152,934,4.4,33,12,238,279,466,2801,18,21,5.4,139,417,1351,8,3.2,78,94,825,21,24.5,15.3,-213.77,15,319,5297,1089,4.9,42,9,295,309,552,3089,18,33,5.2,161,494,2208,11,4.5,112,103,779,22,26.5,20.1,252.53
2001,26,Detroit Lions,2,14,16,270,4994,1026,4.9,38,14,289,343,609,3596,18,24,5.3,184,351,1398,8,4,74,116,1081,31,25,19.7,-167.09,30,424,5521,1015,5.4,22,6,321,312,514,3528,30,16,6.5,189,470,1993,15,4.2,99,95,896,33,34.2,10.7,-9.12
2001,27,Buffalo Bills,3,13,16,265,5137,1009,5.1,33,13,287,327,557,3451,18,20,5.7,180,406,1686,9,4.2,75,123,954,32,24.5,16.8,-202.79,29,420,5292,969,5.5,19,8,302,284,453,3159,23,11,6.5,154,482,2133,20,4.4,122,93,835,26,39,9.3,27.38
2001,28,Washington Redskins,8,8,16,256,4435,960,4.6,28,15,241,235,432,2487,13,13,5.3,122,490,1948,10,4,104,104,828,15,25.5,12,-247.16,13,303,4846,982,4.9,34,11,271,262,473,2977,19,23,6,149,484,1869,10,3.9,103,83,672,19,27.9,16.8,162.51
2001,29,Carolina Panthers,1,15,16,253,4254,965,4.4,35,13,236,314,579,2882,12,22,4.7,144,354,1372,9,3.9,68,87,747,24,22.4,15.9,-304.14,28,410,5943,1057,5.6,36,12,304,306,510,3642,25,24,6.8,187,521,2301,13,4.4,106,96,793,11,31.7,16.6,162.05
2001,30,Dallas Cowboys,5,11,16,246,4402,952,4.6,34,14,247,210,413,2218,14,20,5,110,505,2184,8,4.3,114,91,744,23,23.4,16,-229.17,20,338,4599,985,4.7,25,16,272,287,489,2889,20,9,5.6,160,472,1710,12,3.6,90,69,634,22,31.7,10.2,122.08
2001,31,Cincinnati Bengals,6,10,16,226,4800,1071,4.5,37,11,294,322,602,3088,12,26,4.9,176,441,1712,11,3.9,96,103,870,22,20.5,17.4,-267.72,14,309,4832,1013,4.8,28,15,281,311,512,3157,23,13,5.6,173,453,1675,10,3.7,86,101,837,22,27.8,13.1,165.39
2002,1,Kansas City Chiefs,8,8,16,467,6000,965,6.2,15,2,343,292,477,3622,27,13,7.2,179,462,2378,26,5.1,140,75,700,24,42.7,7.9,145.45,28,399,6248,1081,5.8,31,13,367,403,616,4181,27,18,6.4,227,431,2067,19,4.8,120,100,827,20,39.6,16.5,-73.38
2002,2,Oakland Raiders,11,5,16,450,6237,1069,5.8,19,9,366,418,619,4475,26,10,6.8,226,414,1762,21,4.3,113,129,1094,27,42.7,9.4,123.35,6,304,4979,997,5,31,10,319,346,570,3526,21,21,5.8,189,384,1453,14,3.8,96,103,787,34,28.7,16.6,96.65
2002,3,New Orleans Saints,9,7,16,432,5205,1001,5.2,30,15,291,291,538,3441,27,15,6,169,426,1764,16,4.1,91,119,911,31,38.5,14.6,-77.44,26,388,5796,1071,5.4,38,18,327,343,593,3805,25,20,6,191,439,1991,18,4.5,108,110,953,28,33.7,18.4,28.52
2002,4,Philadelphia Eagles,12,4,16,415,5604,1073,5.2,24,13,311,318,548,3384,27,11,5.8,164,489,2220,15,4.5,124,111,897,23,36,12,-15.34,2,241,4754,1009,4.7,38,23,272,333,563,3094,18,15,5,160,390,1660,5,4.3,83,112,969,29,20.6,18,173.69
2002,5,Atlanta Falcons,9,6,16,402,5535,1038,5.3,27,15,316,268,479,3167,18,12,6.1,163,523,2368,23,4.5,123,105,931,30,38.6,13.2,38.4,8,314,5334,1002,5.3,39,15,288,285,514,3287,23,24,5.9,171,441,2047,12,4.6,97,112,920,20,27.9,19.5,44.99
2002,6,Green Bay Packers,12,4,16,398,5560,1058,5.3,28,12,318,361,580,3627,29,16,6,197,451,1933,12,4.3,94,108,913,27,34.8,14.1,-6.25,12,328,4985,987,5.1,45,21,294,287,531,2987,24,24,5.2,143,413,1998,14,4.8,122,98,945,29,27.3,21.7,98.19
2002,7,Denver Broncos,9,7,16,392,6090,1057,5.8,27,7,357,359,554,3824,21,20,6.4,199,457,2266,21,5,125,104,877,33,37.6,14.9,42.47,15,344,4826,985,4.9,22,13,298,360,566,3337,15,9,5.5,176,379,1489,21,3.9,100,99,829,22,34.5,10.7,20.54
2002,8,Pittsburgh Steelers,10,5,16,390,5952,1097,5.4,36,14,343,350,551,3832,26,22,6.6,200,512,2120,15,4.1,119,90,712,24,35.7,16.8,1.38,16,345,4835,982,4.9,36,17,279,336,573,3460,19,19,5.6,178,359,1375,16,3.8,77,106,927,24,29.8,16.5,57.24
2002,9,Minnesota Vikings,6,10,16,390,6192,1080,5.7,41,18,350,337,558,3685,19,23,6.1,191,473,2507,26,5.3,139,137,1139,20,35.6,19.9,66.42,30,442,5769,963,6,23,7,315,335,542,4103,33,16,7.2,198,394,1666,15,4.2,83,100,824,34,36.9,12.3,-57.34
2002,10,New England Patriots,9,7,16,381,5085,1031,4.9,24,10,304,374,605,3577,28,14,5.6,184,395,1508,9,3.8,99,108,895,21,34.6,11.9,-32.13,17,346,5377,1032,5.2,29,11,315,314,531,3179,23,18,5.6,158,467,2198,17,4.7,129,99,928,28,32.1,15.5,-19.07
2002,11,Buffalo Bills,8,8,16,379,5591,1054,5.3,31,16,355,377,612,3995,24,15,6,218,388,1596,17,4.1,90,112,1031,47,35.9,15.8,8.45,27,397,5189,999,5.2,19,9,303,281,495,3067,24,10,5.8,160,473,2122,20,4.5,107,117,1053,36,33.5,10.1,-7.64
2002,12,Miami Dolphins,9,7,16,378,5392,1010,5.3,30,15,318,271,455,2890,18,15,6,155,530,2502,24,4.7,139,103,859,24,34.6,15.7,-18.71,4,301,4656,974,4.8,30,9,285,294,520,3102,20,21,5.5,162,407,1554,9,3.8,86,106,826,37,30.3,14.4,117.76
2002,13,San Francisco 49ers,10,6,16,367,5701,1082,5.3,17,7,342,354,571,3457,23,10,5.8,182,489,2244,16,4.6,141,87,725,19,37.6,9.2,66.68,18,351,5158,978,5.3,27,8,307,340,552,3506,23,19,6,188,394,1652,14,4.2,96,82,681,23,34.9,14.8,-39.81
2002,14,Tennessee Titans,11,5,16,367,5272,1032,5.1,25,10,312,306,500,3320,22,15,6.4,182,511,1952,16,3.8,112,112,891,18,34.6,13.2,9.52,11,324,4964,974,5.1,29,11,297,339,562,3540,27,18,5.9,197,372,1424,7,3.8,75,99,853,25,27.1,14.7,40.11
2002,15,New York Jets,9,7,16,359,5036,917,5.5,19,9,300,329,485,3418,25,10,6.6,190,400,1618,12,4,86,79,685,24,36.1,10.7,34.42,14,336,5463,1008,5.4,23,8,313,359,551,3490,17,15,6,178,427,1973,17,4.6,116,99,809,19,36.4,12.7,-30.74
2002,16,Seattle Seahawks,7,9,16,355,5818,1050,5.5,28,12,347,361,587,4078,19,16,6.6,208,430,1740,17,4,104,100,792,35,33,15.6,28.89,23,369,5852,1083,5.4,30,11,356,321,555,3411,21,19,5.9,191,500,2441,18,4.9,140,99,816,25,34.5,15.8,-41.46
2002,17,Indianapolis Colts,10,6,16,349,5616,1048,5.4,32,13,324,392,591,4055,27,19,6.6,213,434,1561,12,3.6,93,91,730,18,33.9,16.4,-4.6,7,313,4909,963,5.1,27,17,279,288,468,2917,19,10,5.8,148,459,1992,16,4.3,114,102,746,17,31.5,12.4,10.05
2002,18,Tampa Bay Buccaneers,12,4,16,346,5002,1022,4.9,21,11,287,348,567,3445,23,10,5.7,172,414,1557,6,3.8,90,103,789,25,32.6,10.7,-43.76,1,196,4044,963,4.2,38,7,236,259,510,2490,10,31,4.5,131,410,1554,8,3.8,79,93,749,26,17.8,18.3,284.7
2002,19,Cleveland Browns,9,7,16,344,5027,993,5.1,31,9,279,338,552,3412,27,22,5.8,171,406,1615,10,4,77,107,845,31,30.9,15.2,-34.95,10,320,5348,1024,5.2,29,12,291,299,513,3269,20,17,6,164,483,2079,12,4.3,107,91,726,20,31.7,13.2,-16.3
2002,20,San Diego Chargers,8,8,16,333,5325,1028,5.2,24,8,313,324,538,3188,17,16,5.7,166,466,2137,19,4.6,117,100,805,30,28.3,11,4.14,22,367,6034,1056,5.7,27,10,326,375,607,4295,26,17,6.6,205,410,1739,15,4.2,91,103,854,30,31.6,13.8,-47.05
2002,21,Jacksonville Jaguars,6,10,16,328,4851,959,5.1,15,6,275,268,462,2762,18,9,5.5,156,455,2089,19,4.6,105,89,685,14,31.5,7.9,0.42,9,315,5335,1042,5.1,27,13,324,314,519,3264,19,14,5.9,188,487,2071,14,4.3,112,96,717,24,31.8,14.8,13.57
2002,22,New York Giants,10,6,16,320,5826,1059,5.5,27,13,323,338,549,3951,19,14,6.9,195,486,1875,14,3.9,95,113,955,33,31.2,13.8,3.07,3,279,4949,985,5,25,14,266,311,541,3119,17,11,5.4,162,407,1830,12,4.5,87,120,897,17,27,12.4,63.16
2002,23,Baltimore Ravens,7,9,16,316,4639,947,4.9,32,18,261,262,479,2847,20,14,5.5,145,427,1792,9,4.2,90,101,846,26,27.6,15.1,-74.46,19,354,5353,1077,5,31,6,316,360,573,3591,16,25,5.9,190,471,1762,17,3.7,95,104,874,31,32.5,15.7,71.18
2002,24,St. Louis Rams,7,9,16,316,5559,1024,5.4,45,18,315,408,635,4154,24,27,6.1,219,343,1405,11,4.1,76,120,919,20,28.6,23.3,-83.04,24,369,5025,944,5.3,26,14,282,292,461,3209,15,12,6.4,148,445,1816,15,4.1,105,99,755,29,30.9,14.4,40.54
2002,25,Washington Redskins,7,9,16,307,5143,1039,4.9,40,20,303,300,559,3254,24,20,5.5,165,442,1889,10,4.3,107,116,968,31,25.4,18.3,-73.72,21,365,4787,1006,4.8,26,12,281,304,531,3033,19,14,5.3,155,435,1754,14,4,96,119,972,30,33.3,13,87.3
2002,26,Detroit Lions,3,13,16,306,4471,955,4.7,31,6,242,277,577,2994,19,25,5,150,358,1477,9,4.1,69,104,916,23,26,14.8,-123.66,31,451,6117,1119,5.5,24,14,360,371,591,4150,27,10,6.7,221,495,1967,19,4,111,114,981,28,37.1,11.4,-61.93
2002,27,Chicago Bears,4,12,16,281,4395,969,4.5,35,17,260,310,543,3051,22,18,5.2,156,382,1344,8,3.5,79,95,864,25,26.1,16.1,-162.12,25,379,5606,1086,5.2,28,19,328,335,547,3530,24,9,6.1,185,504,2076,13,4.1,110,115,935,33,36.6,13.4,3.23
2002,28,Cincinnati Bengals,2,14,16,279,5206,1054,4.9,35,13,315,350,591,3476,17,22,5.5,186,426,1730,13,4.1,105,99,884,24,24.6,16.9,-71.35,32,456,5265,976,5.4,20,11,315,287,454,3262,30,9,6.8,182,498,2003,16,4,104,101,867,29,38.5,10.6,-62.55
2002,29,Arizona Cardinals,5,11,16,262,4563,1003,4.5,35,13,274,291,548,2740,18,22,4.7,148,414,1823,10,4.4,94,76,617,32,22.9,18.6,-107.7,29,417,6020,1046,5.8,25,8,335,335,535,3874,29,17,7,196,490,2146,17,4.4,117,111,969,22,36.4,12.3,-93.81
2002,30,Carolina Panthers,7,9,16,258,4280,960,4.5,40,18,238,255,464,2694,15,22,5.3,133,452,1586,11,3.5,82,94,785,23,19.4,17.5,-165.57,5,302,4646,1022,4.5,33,16,271,293,522,2993,18,17,5.2,155,448,1653,12,3.7,95,98,782,21,25.5,14.2,123.24
2002,31,Dallas Cowboys,5,11,16,217,4375,948,4.6,34,18,237,252,471,2621,14,16,5,129,423,1754,7,4.1,87,105,974,21,16.3,15.8,-183.74,13,329,5267,1079,4.9,30,11,291,334,574,3449,22,19,5.8,178,481,1818,10,3.8,90,119,919,23,28.2,13.9,76.24
2002,32,Houston Texans,4,12,16,213,3572,947,3.8,29,14,208,235,447,2225,11,15,4.3,119,424,1347,6,3.2,59,136,1011,30,16.9,11.9,-228.99,20,356,5230,1056,5,21,11,291,281,512,3141,23,10,5.7,155,509,2089,14,4.1,116,102,955,20,29,8.6,34.65
2003,1,Kansas City Chiefs,13,3,16,484,5910,1003,5.9,18,6,348,339,536,3981,24,12,7.1,201,446,1929,32,4.3,120,79,698,27,38.3,8.5,36.78,19,332,5707,1054,5.4,37,12,322,332,565,3363,19,25,5.6,184,453,2344,18,5.2,120,95,781,18,29.5,17.4,63.81
2003,2,St. Louis Rams,12,4,16,447,5457,1054,5.2,39,16,335,377,600,3961,23,23,6.2,211,411,1496,19,3.6,97,92,667,27,41.1,16.8,-159,17,328,5052,964,5.2,46,22,272,296,510,3072,23,24,5.6,164,412,1980,9,4.8,92,114,882,16,26.3,22.2,218.52
2003,3,Indianapolis Colts,12,4,16,447,5874,1041,5.6,20,10,348,381,569,4179,29,10,7.1,212,453,1695,16,3.7,104,92,662,32,46.3,10.2,-13.96,20,336,4789,913,5.2,30,15,279,277,445,2809,18,15,5.9,138,437,1980,19,4.5,117,123,1005,24,30.1,14.8,125.64
2003,4,Green Bay Packers,10,6,16,442,5798,999,5.8,32,11,315,310,473,3240,32,21,6.6,166,507,2558,18,5,127,88,699,22,38,15.6,-49.49,11,307,5101,1036,4.9,32,11,288,326,589,3400,18,21,5.5,172,413,1701,10,4.1,91,97,767,25,29.6,15.3,217.43
2003,5,Tennessee Titans,12,4,16,435,5501,1013,5.4,21,12,310,315,502,3878,30,9,7.4,211,486,1623,11,3.3,84,110,887,15,39.4,9.6,-103.79,13,324,4901,926,5.3,34,13,275,332,546,3606,20,21,6.2,167,342,1295,10,3.8,79,96,793,29,29.8,16,202.69
2003,6,Minnesota Vikings,9,7,16,416,6294,1055,6,24,11,336,333,520,3951,32,13,7,194,493,2343,15,4.8,124,127,1029,18,35.5,13.1,8.32,23,353,5356,955,5.6,35,7,316,311,531,3477,17,28,6.1,186,387,1879,22,4.9,94,90,720,36,33.7,19.1,135.49
2003,7,Seattle Seahawks,10,6,16,404,5627,1017,5.5,29,13,338,317,521,3618,27,16,6.4,190,453,2009,17,4.4,121,91,777,27,36.2,13.5,-37.4,15,327,5239,1069,4.9,28,12,304,343,573,3480,24,16,5.7,183,456,1759,9,3.9,93,105,825,28,30.9,14.4,134.72
2003,8,Baltimore Ravens,10,6,16,391,4929,1009,4.9,38,19,259,217,415,2255,16,19,4.9,121,552,2674,18,4.8,115,126,970,23,31.8,16.6,-220.5,6,281,4341,1026,4.2,41,17,248,296,531,2805,19,24,4.9,144,448,1536,6,3.4,78,106,935,26,24.3,16.5,289.41
2003,9,San Francisco 49ers,7,9,16,384,5687,1038,5.5,25,10,313,299,511,3408,25,15,6.3,172,499,2279,16,4.6,118,104,807,23,35.1,12.4,-56.95,21,337,4928,976,5,37,14,292,310,514,3238,25,23,5.8,165,420,1690,13,4,99,78,720,28,29.4,16.6,126.82
2003,10,Denver Broncos,10,6,16,381,5598,1047,5.3,24,6,334,280,479,2969,19,18,5.9,162,543,2629,20,4.8,133,107,922,39,36.6,12,-127.67,9,301,4433,910,4.9,20,11,241,265,495,2828,17,9,5.3,141,379,1605,11,4.2,77,137,1031,23,28.6,10.3,163.86
2003,11,Philadelphia Eagles,12,4,16,374,5035,944,5.3,22,11,302,279,484,3020,17,11,5.7,156,417,2015,23,4.8,105,96,817,41,34.2,10.2,-80.82,7,287,5307,1058,5,26,13,306,337,559,3236,17,13,5.4,171,461,2071,13,4.5,116,129,1105,19,27.8,13.4,168.96
2003,12,New England Patriots,14,2,16,348,5039,1042,4.8,24,11,294,320,537,3432,23,13,6,177,473,1607,9,3.4,91,111,998,26,27.9,11.3,-136.51,1,238,4666,1060,4.4,41,12,293,328,618,3232,11,29,4.9,177,401,1434,10,3.6,91,107,845,25,23,19.5,280.69
2003,13,Cincinnati Bengals,8,8,16,346,5329,1038,5.1,22,7,313,324,520,3342,26,15,6,181,481,1987,12,4.1,101,107,846,31,33.3,11.1,-78.22,28,384,5620,999,5.6,24,10,320,297,508,3402,23,14,6.3,177,461,2218,18,4.8,119,108,921,24,38.1,13.3,40.07
2003,14,New Orleans Saints,8,8,16,340,5438,1019,5.3,28,20,302,314,535,3438,25,8,6,177,448,2000,11,4.5,100,103,878,25,31.2,14.5,-109.71,14,326,5234,997,5.2,27,13,298,264,485,2993,20,14,5.8,165,480,2241,12,4.7,109,101,1012,24,31,13,114.7
2003,15,Carolina Panthers,11,5,16,325,5141,1008,5.1,31,15,284,270,460,3050,19,16,6.3,146,522,2091,9,4,114,116,966,24,30.8,14.9,-149.93,10,304,4725,996,4.7,26,10,274,299,522,3003,19,16,5.3,161,434,1722,10,4,83,111,1011,30,26.3,12.6,226.48
2003,16,San Diego Chargers,4,12,16,313,5167,971,5.3,31,12,290,297,525,3021,21,19,5.5,146,417,2146,16,5.1,117,126,1016,27,27.2,15.7,-126.67,31,441,5593,1072,5.2,20,7,326,322,524,3375,36,13,6.1,178,518,2218,12,4.3,124,110,1006,24,37.7,9.9,33.08
2003,17,Miami Dolphins,10,6,16,311,4609,968,4.8,34,15,266,257,450,2792,17,19,5.8,145,487,1817,14,3.7,99,103,913,22,28.1,17.2,-177.92,3,261,4787,1014,4.7,36,14,283,319,529,3335,12,22,5.8,171,441,1452,11,3.3,82,98,766,30,25.3,17,205.62
2003,18,Tampa Bay Buccaneers,7,9,16,301,5453,1036,5.3,31,9,307,369,592,3805,27,22,6.2,190,421,1648,5,3.9,86,117,1104,31,25.5,16,-214.9,4,264,4466,962,4.6,33,13,249,274,475,2710,16,20,5.3,140,451,1756,6,3.9,89,104,817,20,25.4,16.4,226.87
2003,19,Pittsburgh Steelers,6,10,16,300,4792,1020,4.7,28,11,275,306,532,3304,19,17,5.8,174,446,1488,10,3.3,77,111,1005,24,27.1,13.5,-166.93,16,327,4783,968,4.9,25,11,270,294,484,3042,20,14,5.9,155,449,1741,14,3.9,89,96,709,26,28.2,12.3,186.96
2003,20,Atlanta Falcons,5,11,16,299,4357,930,4.7,31,10,252,230,460,2408,14,21,4.9,127,435,1949,17,4.5,99,90,790,26,24.9,12.9,-190.61,30,422,6108,1043,5.9,31,16,333,323,508,3800,28,15,7,187,499,2308,21,4.6,122,130,1001,24,33.5,14.8,101.03
2003,21,Dallas Cowboys,10,6,16,289,5161,1062,4.9,29,8,286,294,510,3162,17,21,5.8,149,515,1999,11,3.9,115,98,837,22,25.1,13.8,-251.47,2,260,4056,937,4.3,25,12,228,239,492,2631,18,13,5,127,413,1425,7,3.5,68,88,763,33,23.4,11.2,187.28
2003,22,Washington Redskins,5,11,16,287,4659,991,4.7,28,12,272,283,527,3006,21,16,5.3,156,421,1653,8,3.9,95,124,1038,21,28.3,13.6,-182.25,24,372,5412,1014,5.3,30,13,325,285,483,3195,23,17,6.3,176,504,2217,20,4.4,122,95,835,27,33,14.4,75.77
2003,23,New York Jets,6,10,16,283,4951,936,5.3,20,6,274,312,496,3316,20,14,6.3,181,409,1635,8,4,78,69,550,15,32.4,11.8,-107.89,8,299,5319,1032,5.2,20,9,316,281,455,3025,14,11,6.2,168,542,2294,17,4.2,134,79,620,14,30.4,11.9,87.5
2003,24,Chicago Bears,7,9,16,283,4380,1001,4.4,29,9,264,271,515,2617,12,20,4.7,143,443,1763,13,4,104,92,806,17,27.4,14.5,-215.02,22,346,4947,992,5,20,5,289,326,525,3082,20,15,5.7,156,449,1865,13,4.2,104,93,746,29,34.4,9.7,91.33
2003,25,Jacksonville Jaguars,5,11,16,276,5358,1024,5.2,31,14,305,303,515,3285,17,17,6,163,481,2073,13,4.3,118,108,895,24,27.3,15.8,-132.3,18,331,4657,976,4.8,27,12,276,303,510,3251,23,15,6.1,172,442,1406,12,3.2,84,103,881,20,33,14.8,113.74
2003,26,Oakland Raiders,4,12,16,270,4573,987,4.6,26,12,258,278,521,2751,9,14,4.9,140,423,1822,15,4.3,98,134,1120,20,24.3,12.2,-190.11,25,379,5904,1036,5.7,25,11,317,286,467,3394,21,14,6.9,159,544,2510,21,4.6,127,115,981,31,35,11.5,94.39
2003,27,Detroit Lions,5,11,16,270,4262,975,4.4,28,4,250,319,588,2924,17,24,4.9,152,376,1338,5,3.6,69,107,859,29,23.2,13.7,-212.29,26,379,5360,997,5.4,28,13,298,331,522,3578,26,15,6.5,166,447,1782,14,4,105,119,953,27,30.2,13.5,107.2
2003,28,Houston Texans,5,11,16,255,4306,896,4.8,27,9,237,248,439,2655,14,18,5.6,127,421,1651,14,3.9,86,121,961,24,24.5,13.8,-200.45,27,380,6082,1054,5.8,22,8,336,297,502,3712,22,14,7.1,179,533,2370,15,4.4,130,96,767,27,35.3,11.4,95.46
2003,29,Cleveland Browns,5,11,16,254,4504,961,4.7,33,15,276,313,509,2834,17,18,5.2,153,412,1670,8,4.1,91,98,767,32,26.7,17.2,-191.88,12,322,4959,994,5,22,7,283,297,502,2846,13,15,5.3,160,457,2113,14,4.6,100,141,1095,23,34.8,11.2,139.5
2003,30,New York Giants,4,12,16,243,4942,1047,4.7,38,18,300,344,616,3383,16,20,5.1,184,387,1559,6,4,90,127,1090,26,21.4,18.4,-225.77,29,387,5320,1060,5,22,12,314,309,519,3412,25,10,6,178,496,1908,12,3.8,102,118,983,34,32.3,10.4,85.37
2003,31,Buffalo Bills,6,10,16,243,4348,980,4.4,34,17,268,293,502,2684,11,17,4.9,150,427,1664,13,3.9,96,106,891,22,21.9,17.6,-230.07,5,279,4313,1010,4.3,18,8,270,285,508,2707,18,10,5,153,464,1606,11,3.5,92,110,996,25,26.9,9.3,207.84
2003,32,Arizona Cardinals,4,12,16,225,4490,981,4.6,36,14,256,303,534,2959,18,22,5.1,147,403,1531,5,3.8,80,98,761,29,22.2,18.4,-250.75,32,452,5504,993,5.5,23,10,326,311,497,3589,29,13,6.9,184,475,1915,17,4,120,86,754,22,36.8,12.4,-2.1
2004,1,Indianapolis Colts,12,4,16,522,6475,968,6.7,17,7,379,353,527,4623,51,10,8.5,238,427,1852,10,4.3,94,106,801,47,46.3,9.7,113.82,19,351,5929,1042,5.7,36,17,331,364,557,3892,26,19,6.5,209,440,2037,12,4.6,103,116,877,19,35.4,18.5,50.75
2004,2,Kansas City Chiefs,7,9,16,483,6695,1089,6.1,27,10,398,370,561,4406,27,17,7.4,228,496,2289,31,4.6,138,117,963,32,41.2,14.3,66.99,29,435,6037,960,6.3,21,8,327,312,522,4203,32,13,7.5,190,397,1834,18,4.6,97,117,957,40,38.8,10.9,6.49
2004,3,San Diego Chargers,12,4,16,446,5542,996,5.6,18,10,328,288,450,3357,29,8,7.1,160,525,2185,24,4.2,131,108,875,37,40.8,8.9,-7.11,11,313,5360,991,5.4,33,10,320,372,607,4053,19,23,6.4,200,355,1307,15,3.7,79,109,940,41,29.5,17.5,66.5
2004,4,New England Patriots,14,2,16,437,5722,1035,5.5,27,13,344,293,485,3588,29,14,7,193,524,2134,15,4.1,120,101,822,31,42.1,14.6,22.2,3,260,4972,988,5,36,16,290,315,538,3400,18,20,5.8,177,405,1572,9,3.9,83,118,1014,30,24,20,244.33
2004,5,Green Bay Packers,10,6,16,424,6357,1053,6,29,10,354,382,598,4449,36,19,7.3,228,441,1908,9,4.3,98,116,950,28,37.9,15.4,10.72,23,380,5541,967,5.7,15,7,307,314,518,3663,33,8,6.6,181,409,1878,12,4.6,92,112,942,34,34.3,7.7,20.76
2004,6,Minnesota Vikings,8,8,16,405,6339,985,6.4,21,9,351,380,552,4516,39,12,7.6,225,387,1823,8,4.7,98,117,884,28,38.9,12,65.96,26,395,5902,1018,5.8,22,11,350,338,544,3896,30,11,6.7,220,435,2006,15,4.6,110,110,974,20,41.6,13.3,0.82
2004,7,Buffalo Bills,9,7,16,395,4691,982,4.8,29,12,271,262,461,2817,21,17,5.6,149,483,1874,15,3.9,102,121,1047,20,32.1,14.4,-194.58,8,284,4228,978,4.3,39,15,258,261,486,2624,20,24,4.9,150,447,1604,6,3.6,79,120,865,29,27.6,19.3,253.88
2004,8,Philadelphia Eagles,13,3,16,386,5618,960,5.9,22,11,301,336,547,3979,32,11,6.8,188,376,1639,10,4.4,87,124,952,26,35.9,10.9,-11.51,2,260,5115,1039,4.9,28,11,299,334,550,3212,16,17,5.4,165,442,1903,13,4.3,101,119,1001,33,25.1,13.1,158.04
2004,9,Denver Broncos,10,6,16,381,6332,1070,5.9,29,9,351,303,521,3999,27,20,7.5,184,534,2333,13,4.4,127,93,880,40,36.1,14.7,-58.67,9,304,4459,918,4.9,20,8,235,272,484,2947,17,12,5.6,130,396,1512,16,3.8,83,120,1062,22,28.1,9.9,126.08
2004,10,Cincinnati Bengals,8,8,16,374,5140,1004,5.1,32,10,286,324,536,3301,23,22,5.8,172,437,1839,14,4.2,93,103,810,21,31.7,15.8,-143.68,21,372,5365,1031,5.2,36,16,303,313,520,3303,23,20,5.9,158,474,2062,11,4.4,123,106,887,22,31.8,16.4,169.4
2004,11,Pittsburgh Steelers,15,1,16,372,5184,1012,5.1,21,8,309,228,358,2720,20,13,6.9,147,618,2464,16,4,134,99,835,28,35.8,11.7,-95.61,1,251,4134,882,4.7,32,13,248,269,484,2835,14,19,5.4,146,357,1299,8,3.6,79,104,875,23,25.9,17.2,201.08
2004,12,Seattle Seahawks,9,7,16,371,5634,1034,5.4,27,9,320,304,532,3539,23,18,6.3,189,468,2095,17,4.5,110,79,669,21,32.6,14,-65.26,22,373,5621,1047,5.4,35,12,311,340,559,3590,24,23,6,191,452,2031,17,4.5,102,91,748,18,35.2,18.1,87.63
2004,13,Carolina Panthers,7,9,16,355,5225,991,5.3,26,11,308,311,536,3643,29,15,6.4,192,422,1582,10,3.7,85,123,1020,31,32.4,12.6,-80.29,15,339,5382,1021,5.3,38,12,307,303,513,3478,18,26,6.4,177,474,1904,19,4,98,117,1078,32,30.5,19.8,148.93
2004,14,New Orleans Saints,8,8,16,348,5193,989,5.3,26,10,291,309,542,3587,21,16,6.2,177,406,1606,15,4,82,129,1141,32,30.1,13,-174.82,27,405,6141,1067,5.8,33,20,343,324,545,3888,24,13,6.7,193,485,2253,16,4.6,118,119,965,32,36.6,16.5,20.21
2004,15,Tennessee Titans,5,11,16,344,5487,1053,5.2,31,12,308,356,589,3616,27,19,5.7,200,420,1871,12,4.5,85,110,923,23,29,15,-108.2,30,439,5724,977,5.9,30,12,318,333,524,3807,29,18,6.8,189,421,1917,18,4.6,99,95,774,30,36.5,14.6,25.5
2004,16,Atlanta Falcons,11,5,16,340,5084,969,5.2,30,14,284,217,395,2412,15,16,5.4,120,524,2672,20,5.1,133,109,905,31,28.8,15.8,-108.92,14,337,5207,999,5.2,32,13,310,328,517,3526,19,19,6.2,183,434,1681,20,3.9,107,129,930,20,29.7,16.8,133.45
2004,17,New York Jets,10,6,16,333,5438,996,5.5,16,5,313,282,438,3050,19,11,6.5,163,527,2388,15,4.5,135,91,693,15,33.3,8.6,-51.69,4,261,4878,966,5,33,14,282,289,497,3312,21,19,6.2,169,432,1566,8,3.6,87,86,720,26,25.3,16.9,180.71
2004,18,Oakland Raiders,5,11,16,320,5153,939,5.5,35,13,275,330,582,3858,24,22,6.3,176,327,1295,10,4,75,134,1013,24,32.1,17.4,-132.26,31,442,5936,1072,5.5,18,9,367,315,510,3924,30,9,7.3,210,537,2012,21,3.7,115,102,837,42,37.2,9.8,3.93
2004,19,St. Louis Rams,8,8,16,319,5877,1011,5.8,39,17,321,372,580,4253,23,22,6.8,203,381,1624,11,4.3,96,127,993,22,30.3,20.6,-93.92,25,392,5353,1006,5.3,15,9,311,292,492,3174,24,6,6,172,480,2179,13,4.5,118,109,827,21,37.6,7.7,23.59
2004,20,Baltimore Ravens,9,7,16,317,4375,991,4.4,23,12,260,258,465,2312,13,11,4.6,135,491,2063,11,4.2,103,94,894,22,27.6,10.9,-199.99,6,268,4803,1009,4.8,34,13,272,276,501,3122,14,21,5.8,158,469,1681,9,3.6,88,101,796,26,24.6,16.6,267.76
2004,21,Houston Texans,7,9,16,309,5128,1001,5.1,25,11,300,286,471,3246,16,14,6.2,174,481,1882,16,3.9,103,106,928,23,27.7,13.6,-97.09,16,339,5458,971,5.6,30,8,304,344,530,3615,32,22,6.5,194,417,1843,4,4.4,89,123,979,21,32.6,16.9,98.16
2004,22,New York Giants,6,10,16,303,4722,951,5,24,11,281,269,475,2818,12,13,5.3,143,424,1904,18,4.5,105,118,977,33,28.6,12.1,-211.66,17,347,5187,1005,5.2,28,14,310,292,467,3030,28,14,6,170,498,2157,13,4.3,112,120,1007,28,31.9,14.7,72.08
2004,23,Tampa Bay Buccaneers,5,11,16,301,4963,949,5.2,36,18,271,340,512,3474,24,18,6.2,175,393,1489,9,3.8,74,117,916,22,24.7,18.6,-201.99,10,304,4552,961,4.7,27,11,258,247,436,2579,21,16,5.4,131,480,1973,8,4.1,101,112,897,26,26.2,13.4,216.56
2004,24,Detroit Lions,6,10,16,296,4693,949,4.9,20,7,263,285,505,2916,19,13,5.4,142,407,1777,7,4.4,92,121,1000,29,26.6,10.1,-132.39,18,350,5401,1071,5,24,10,320,328,535,3514,29,14,6.1,167,498,1887,10,3.8,118,114,976,35,29.6,12.2,89.24
2004,25,Dallas Cowboys,6,10,16,293,5197,1004,5.2,37,14,296,308,519,3428,19,23,6.2,171,449,1769,14,3.9,101,105,867,24,28.3,19.3,-152.34,28,405,5285,960,5.5,22,9,297,310,502,3521,31,13,6.6,180,425,1764,14,4.2,88,104,879,29,35.7,10.8,48.18
2004,26,Arizona Cardinals,6,10,16,284,4550,1047,4.3,29,11,280,299,533,2882,14,18,5,152,475,1668,15,3.5,86,124,948,42,25.5,13.5,-202.74,12,322,5141,993,5.2,30,15,282,271,505,3036,18,15,5.6,153,450,2105,12,4.7,101,139,1121,28,27.1,14.8,162.4
2004,27,Cleveland Browns,4,12,16,276,4481,921,4.9,40,19,245,251,439,2824,21,21,5.9,125,441,1657,6,3.8,94,115,854,26,25.8,18.2,-244.59,24,390,5215,1024,5.1,28,13,307,277,460,2901,17,15,5.9,144,532,2314,22,4.3,141,109,890,22,32.3,12.3,104.72
2004,28,Miami Dolphins,4,12,16,275,4404,1022,4.3,42,16,267,309,586,3065,19,26,4.8,165,384,1339,10,3.5,71,112,852,31,22.9,18.6,-258.56,20,354,4894,1009,4.9,25,10,281,244,434,2592,20,15,5.5,139,539,2302,12,4.3,107,107,852,35,25.4,11.2,158.56
2004,29,Jacksonville Jaguars,9,7,16,261,5009,991,5.1,22,11,279,305,513,3159,17,11,5.8,161,446,1850,9,4.1,88,109,940,30,28.1,11.8,-135.64,7,280,5134,972,5.3,28,12,290,306,497,3357,18,16,6.3,181,438,1777,7,4.1,83,118,966,26,26.4,16.1,86.29
2004,30,San Francisco 49ers,2,14,16,259,4585,1026,4.5,40,19,280,325,561,3136,16,21,5.1,172,413,1449,10,3.5,83,103,859,25,22,20,-234.6,32,452,5481,1014,5.4,21,12,322,308,490,3486,27,9,6.7,179,495,1995,22,4,121,107,867,22,37.9,9.7,36.51
2004,31,Washington Redskins,6,10,16,240,4397,1023,4.3,27,10,269,288,514,2632,18,17,4.8,156,471,1765,6,3.7,91,115,1047,22,21.7,13.1,-213.72,5,265,4281,974,4.4,26,8,251,294,515,2977,17,18,5.4,153,419,1304,7,3.1,67,97,797,31,20.7,12.6,202.79
2004,32,Chicago Bears,5,11,16,231,3816,967,3.9,37,21,230,249,471,2192,9,16,4.1,121,430,1624,10,3.8,84,124,956,25,16.4,16.4,-332.82,13,331,5390,1046,5.2,29,12,302,287,515,3340,23,17,6.1,165,496,2050,9,4.1,109,120,914,28,26.9,13.4,199.63
