Year,Rk_Off,Team,Win,Loss,Games,PF_Off,Total Yds_Off,Plays_Off,Y/P_Off,TO_Off,FL_Off,1stD_Off,Cmp_Off,Pass Att_Off,Pass Yds_Off,Pass TD_Off,Int_Off,Pass NY/A_Off,Pass 1stD_Off,Rush Att_Off,Rush Yds_Off,Rush TD_Off,Rush Y/A_Off,Rush 1stD_Off,Pen_Off,Pen Yds_Off,1stPy_Off,Sc%_Off,TO%_Off,EXP_Off,Rk_Def,PF_Def,Total Yds_Def,Ply_Def,Y/P_Def,TO_Def,FL_Def,Total 1stD_Def,Cmp_Def,Pass Att_Def,Pass Yds_Def,Pass TD_Def,Int_Def,Pass NY/A_Def,Pass 1stD_Def,Rush Att_Def,Rush Yds_Def,Rush TD_Def,Rush Y/A_Def,Rush 1stD_Def,Pen_Def,Pen Yds_Def,1stPy_Def,Sc%_Def,TO%_Def,EXP_Def
2010,1,New England Patriots,14,2,16,518,5820,986,5.9,10,5,335,331,507,3847,37,5,7.2,196,454,1973,19,4.3,119,83,766,20,47.0,5.4,73.64,8,313,5864,1056,5.6,38,13,348,388,611,4136,25,25,6.4,226,409,1728,10,4.2,99,84,687,23,30.7,21.0,71.86
2010,2,San Diego Chargers,9,7,16,441,6329,1039,6.1,29,16,357,359,544,4519,30,13,7.8,236,457,1810,18,4.0,94,84,677,27,40.3,14.5,27.47,10,322,4345,939,4.6,23,7,247,285,488,2845,18,16,5.3,153,404,1500,14,3.7,77,97,769,17,26.1,12.5,157.93
2010,3,Philadelphia Eagles,10,6,16,439,6230,1038,6.0,25,12,322,348,561,3906,28,13,6.4,189,428,2324,18,5.4,116,129,1101,17,39.8,11.7,-11.0,21,377,5235,998,5.2,34,11,309,309,536,3469,31,23,6.0,185,423,1766,12,4.2,91,87,724,33,31.4,17.0,48.24
2010,4,Indianapolis Colts,10,6,16,435,6092,1088,5.6,25,8,366,450,679,4609,33,17,6.6,253,393,1483,13,3.8,87,79,709,26,40.2,13.4,28.65,23,388,5465,1010,5.4,21,11,314,356,535,3433,22,10,6.1,190,445,2032,14,4.6,111,95,812,13,37.0,10.5,75.37
2010,5,Atlanta Falcons,13,3,16,414,5458,1097,5.0,17,8,353,361,577,3567,28,9,5.9,200,497,1891,14,3.8,111,58,598,42,39.3,9.0,-39.55,5,288,5319,957,5.6,31,9,284,364,560,3625,23,22,6.1,183,366,1694,9,4.6,87,116,1003,14,26.1,16.1,77.65
2010,6,Oakland Raiders,8,8,16,410,5674,1039,5.5,26,10,306,279,491,3180,18,16,5.9,159,504,2494,19,4.9,113,148,1276,34,34.5,11.8,-110.8,20,371,5165,991,5.2,24,12,292,249,470,3027,29,12,5.9,150,474,2138,14,4.5,98,117,1161,44,31.2,9.3,87.8
2010,7,Dallas Cowboys,6,10,16,394,5828,1035,5.6,30,11,327,379,576,4042,29,19,6.7,201,428,1786,10,4.2,104,109,863,22,34.6,14.8,-108.16,31,436,5628,977,5.8,30,10,309,348,540,3894,33,20,6.8,200,402,1734,11,4.3,84,79,641,25,36.7,15.4,11.07
2010,8,New York Giants,10,6,16,394,6085,1035,5.9,42,17,331,339,539,3885,31,25,7.0,192,480,2200,17,4.6,112,92,777,27,32.4,20.3,-49.21,17,347,4990,974,5.1,39,23,263,308,539,3370,24,16,5.8,159,389,1620,11,4.2,88,107,899,16,28.7,18.3,170.2
2010,9,Houston Texans,6,10,16,390,6186,1029,6.0,18,6,360,365,574,4144,24,12,6.8,222,423,2042,20,4.8,118,90,690,20,39.7,10.1,53.17,29,427,6031,1010,6.0,18,5,352,354,547,4280,33,13,7.4,211,433,1751,16,4.0,113,105,851,28,40.2,10.3,-32.38
2010,10,Green Bay Packers,10,6,16,388,5730,1000,5.7,22,9,312,352,541,4124,31,13,7.1,204,421,1606,11,3.8,88,78,617,20,35.0,10.9,-45.71,2,240,4945,969,5.1,32,8,270,296,527,3107,16,24,5.4,163,395,1838,6,4.7,82,98,758,25,25.3,16.5,199.39
2010,11,New Orleans Saints,11,5,16,384,5960,1067,5.6,31,9,351,450,661,4441,33,22,6.5,236,380,1519,9,4.0,94,90,884,21,38.5,16.7,-53.15,7,307,4900,948,5.2,25,16,273,306,494,3103,13,9,5.9,150,421,1797,13,4.3,94,88,701,29,31.8,12.7,143.44
2010,12,Pittsburgh Steelers,12,4,16,375,5525,993,5.6,18,9,295,298,479,3601,22,9,6.9,175,471,1924,15,4.1,106,100,903,14,36.9,9.5,-133.72,1,232,4429,974,4.5,35,14,272,363,593,3425,15,21,5.3,182,333,1004,5,3.0,61,86,716,29,25.7,17.3,216.3
2010,13,New York Jets,11,5,16,367,5616,1087,5.2,21,7,307,288,525,3242,20,14,5.9,171,534,2374,14,4.4,118,103,934,18,32.2,10.6,-122.93,6,304,4664,979,4.8,30,18,272,269,531,3210,24,12,5.6,169,408,1454,11,3.6,70,74,679,33,26.4,13.9,182.51
2010,14,Kansas City Chiefs,10,6,16,366,5595,1063,5.3,14,6,319,274,475,2968,27,8,5.9,167,556,2627,13,4.7,129,90,771,23,31.3,6.8,-93.85,11,326,5283,1028,5.1,23,9,293,319,581,3519,23,14,5.7,186,408,1764,11,4.3,88,111,922,19,28.1,10.9,132.36
2010,15,Detroit Lions,6,10,16,362,5423,1064,5.1,25,9,304,383,633,3810,26,16,5.8,199,404,1613,11,4.0,83,136,1018,22,32.1,12.4,-105.43,19,369,5497,1005,5.5,29,15,320,330,518,3498,23,14,6.2,187,443,1999,18,4.5,98,106,854,35,31.3,13.5,63.44
2010,16,Baltimore Ravens,12,4,16,357,5166,1018,5.1,20,10,303,308,491,3335,25,10,6.3,175,487,1831,11,3.8,97,90,673,31,32.8,9.5,-79.88,3,270,5102,1007,5.1,27,8,284,349,596,3599,22,19,5.8,187,384,1503,5,3.9,79,117,984,18,29.2,13.5,197.21
2010,17,Tennessee Titans,6,10,16,356,4834,907,5.3,29,14,252,273,474,3107,24,15,6.2,155,406,1727,13,4.3,73,128,1040,24,33.2,14.7,-71.69,15,339,5883,1139,5.2,25,8,356,410,625,4032,23,17,6.1,214,474,1851,7,3.9,107,114,1039,35,37.7,13.1,80.49
2010,18,Jacksonville Jaguars,8,8,16,353,5460,1019,5.4,33,12,330,291,469,3065,26,21,6.0,161,512,2395,14,4.7,148,83,675,21,35.0,16.9,-35.27,27,419,5949,948,6.3,18,5,316,329,506,4004,28,13,7.5,197,416,1945,19,4.7,98,85,748,21,40.2,9.8,-19.01
2010,19,Denver Broncos,4,12,16,344,5582,1018,5.5,27,15,309,334,580,4038,25,12,6.5,204,398,1544,13,3.9,81,98,944,24,30.6,11.7,-125.44,32,471,6253,1056,5.9,18,8,334,297,502,3780,26,10,7.2,184,531,2473,26,4.7,126,98,921,24,40.7,8.0,-48.79
2010,20,Tampa Bay Buccaneers,10,6,16,341,5362,955,5.6,19,13,288,306,494,3361,26,6,6.4,172,431,2001,9,4.6,97,100,837,19,33.7,9.3,-94.23,9,318,5323,991,5.4,28,9,307,307,521,3216,23,19,5.9,171,444,2107,12,4.7,118,79,676,18,29.4,14.7,105.99
2010,21,Chicago Bears,11,5,16,334,4631,936,4.9,31,10,263,276,466,3015,23,21,5.8,163,414,1616,10,3.9,76,91,768,24,29.3,15.7,-227.26,4,286,5029,1002,5.0,35,14,282,363,582,3588,14,21,5.8,183,386,1441,14,3.7,88,93,790,11,25.0,17.9,168.17
2010,22,Cincinnati Bengals,4,12,16,322,5289,1046,5.1,34,14,317,365,590,3767,26,20,6.1,206,428,1522,8,3.6,85,90,725,26,30.5,16.3,-148.58,24,395,5312,957,5.6,26,10,290,326,514,3469,21,16,6.4,170,416,1843,15,4.4,97,95,776,23,35.2,13.2,66.54
2010,23,Seattle Seahawks,7,9,16,310,4765,964,4.9,31,11,260,324,544,3341,14,20,5.8,159,385,1424,13,3.7,81,101,890,20,26.5,14.8,-197.05,25,407,5897,1074,5.5,22,10,313,339,585,3994,31,12,6.4,206,452,1903,13,4.2,91,91,706,16,35.9,9.9,60.14
2010,24,San Francisco 49ers,6,10,16,305,5013,945,5.3,23,8,251,282,500,3356,19,15,6.2,149,401,1657,10,4.1,85,112,933,17,26.8,11.1,-95.38,16,346,5244,1033,5.1,22,7,299,358,550,3697,25,15,6.3,188,447,1547,9,3.5,86,97,839,25,31.8,11.3,181.39
2010,25,Washington Redskins,6,10,16,302,5392,1002,5.4,31,12,295,349,605,3931,21,19,6.0,194,351,1461,9,4.2,72,90,647,29,26.3,14.6,-134.87,22,377,6228,1051,5.9,27,13,326,367,578,4187,23,14,6.9,207,444,2041,15,4.6,106,104,839,13,32.5,12.3,105.38
2010,26,St. Louis Rams,7,9,16,289,4846,1053,4.6,21,6,292,354,590,3268,18,15,5.2,179,429,1578,9,3.7,84,102,877,29,30.2,9.5,-203.89,12,328,5388,1017,5.3,26,12,304,328,570,3578,21,14,5.8,191,404,1810,7,4.5,88,126,1008,25,33.0,12.6,101.78
2010,27,Arizona Cardinals,5,11,16,289,4309,931,4.6,35,16,241,285,561,2921,10,19,4.8,154,320,1388,9,4.3,67,108,870,20,23.7,15.8,-215.39,30,434,5977,1092,5.5,30,13,339,324,533,3654,22,17,6.5,178,526,2323,19,4.4,123,108,894,38,39.7,13.2,109.61
2010,28,Buffalo Bills,4,12,16,283,4878,954,5.1,39,18,263,296,519,3158,24,21,5.7,166,401,1720,6,4.3,82,82,633,15,25.3,19.2,-174.07,28,425,5786,1071,5.4,22,11,335,294,473,3072,28,11,6.1,179,571,2714,18,4.8,138,85,634,18,39.3,10.5,75.4
2010,29,Minnesota Vikings,6,10,16,281,5039,982,5.1,37,11,289,305,505,3097,14,26,5.7,159,441,1942,16,4.4,104,100,769,26,24.9,19.0,-126.19,18,348,5002,977,5.1,26,11,276,333,529,3367,25,15,6.0,178,417,1635,10,3.9,87,98,786,11,28.8,12.5,119.87
2010,30,Miami Dolphins,7,9,16,273,5170,1040,5.0,31,10,300,335,557,3527,17,21,5.9,189,445,1643,8,3.7,91,72,595,20,29.7,15.7,-174.02,14,333,4949,988,5.0,19,8,264,288,502,3348,22,11,6.2,166,447,1601,8,3.6,84,85,730,14,31.5,9.9,127.7
2010,31,Cleveland Browns,5,11,16,271,4635,927,5.0,29,11,265,296,478,2989,13,18,5.8,154,413,1646,13,4.0,87,78,675,24,27.7,15.8,-169.65,13,332,5601,1041,5.4,28,9,317,309,507,3531,26,19,6.6,195,505,2070,7,4.1,102,85,741,20,34.1,15.3,110.11
2010,32,Carolina Panthers,2,14,16,196,4135,962,4.3,37,16,225,256,484,2289,9,21,4.3,125,428,1846,7,4.3,78,106,918,22,20.8,17.8,-280.1,26,408,5374,1060,5.1,29,12,328,326,526,3393,19,17,6.1,176,503,1981,20,3.9,121,90,765,31,35.2,14.3,96.38
2011,1,Green Bay Packers,15,1,16,560,6482,988,6.6,14,6,353,376,552,4924,51,8,8.3,230,395,1558,12,3.9,89,76,591,34,48.3,6.1,92.5,19,359,6585,1049,6.3,38,7,358,390,637,4796,29,31,7.2,246,383,1789,10,4.7,96,122,948,16,33.9,20.2,52.98
2011,2,New Orleans Saints,13,3,16,547,7474,1117,6.7,19,5,416,472,662,5347,46,14,7.8,280,431,2127,16,4.9,116,99,851,20,51.4,10.9,165.64,13,339,5895,1010,5.8,16,7,326,362,626,4157,24,9,6.3,196,351,1738,11,5.0,92,109,912,38,34.1,8.8,13.66
2011,3,New England Patriots,13,3,16,513,6848,1082,6.3,17,5,399,402,612,5084,39,12,7.9,262,438,1764,18,4.0,107,87,815,30,47.2,8.3,99.08,15,342,6577,1064,6.2,34,11,370,386,619,4703,26,23,7.1,245,405,1874,13,4.6,101,115,907,24,32.6,17.1,84.78
2011,4,Detroit Lions,10,6,16,474,6337,1058,6.0,23,7,349,423,666,4814,41,16,6.9,244,356,1523,9,4.3,71,128,1075,34,37.6,10.7,33.96,23,387,5881,1055,5.6,34,13,325,376,604,3831,26,21,5.9,195,410,2050,10,5.0,91,119,982,39,32.4,16.2,130.02
2011,5,Carolina Panthers,6,10,16,406,6237,999,6.2,23,6,345,312,519,3829,21,17,6.9,175,445,2408,26,5.4,139,113,1013,31,38.5,12.8,39.94,27,429,6042,972,6.2,24,10,329,318,490,3949,28,14,7.6,191,451,2093,18,4.6,110,98,901,28,42.7,12.9,-45.71
2011,6,San Diego Chargers,8,8,16,406,6290,1048,6.0,28,8,359,366,582,4426,27,20,7.2,234,436,1864,16,4.3,97,91,753,28,41.3,16.3,-30.34,22,377,5546,958,5.8,21,4,311,299,478,3591,29,17,7.0,186,448,1955,8,4.4,102,92,760,23,36.5,12.4,48.83
2011,7,Atlanta Falcons,10,6,16,402,6026,1073,5.6,21,8,349,365,594,4192,29,13,6.8,215,453,1834,14,4.0,100,93,769,34,37.4,10.7,-22.37,18,350,5338,965,5.5,29,10,292,340,560,3786,25,19,6.4,186,372,1552,10,4.2,87,101,843,19,32.2,15.0,51.59
2011,8,Philadelphia Eagles,8,8,16,396,6386,1036,6.2,38,13,356,330,554,4110,22,25,7.0,197,450,2276,20,5.1,134,107,853,25,34.7,17.9,-37.96,10,328,5198,982,5.3,24,9,289,301,518,3397,27,15,6.0,173,414,1801,11,4.4,84,97,813,32,27.7,12.3,106.92
2011,9,New York Giants,9,7,16,394,6161,1028,6.0,24,8,331,359,589,4734,29,16,7.7,216,411,1427,17,3.5,84,94,795,31,32.5,11.5,-45.79,25,400,6022,1072,5.6,31,11,338,361,589,4082,28,20,6.4,210,435,1940,15,4.5,103,110,933,25,34.7,14.8,57.49
2011,10,Houston Texans,10,6,16,381,5954,1046,5.7,20,11,321,288,467,3506,20,9,7.0,176,546,2448,18,4.5,131,99,852,14,37.2,10.5,-63.12,4,278,4571,960,4.8,27,10,270,279,538,3035,18,17,5.2,166,378,1536,8,4.1,73,88,686,31,29.8,13.8,206.3
2011,11,San Francisco 49ers,13,3,16,380,4974,993,5.0,10,5,282,277,451,2930,18,5,5.9,150,498,2044,14,4.1,101,113,1014,31,39.6,5.2,-152.56,2,229,4931,974,5.1,38,15,267,333,579,3695,20,23,6.0,190,353,1236,3,3.5,53,98,867,24,23.3,18.7,165.23
2011,12,Baltimore Ravens,12,4,16,378,5419,1036,5.2,24,12,312,314,544,3423,21,12,5.9,181,459,1996,15,4.3,98,92,742,33,35.5,11.8,-72.94,3,266,4622,1002,4.6,26,11,269,288,535,3140,11,15,5.4,166,419,1482,10,3.5,79,103,1032,24,26.6,13.8,240.19
2011,13,New York Jets,8,8,16,377,4989,1030,4.8,34,16,301,310,547,3297,26,18,5.6,173,443,1692,14,3.8,92,102,849,36,29.6,13.8,-156.9,20,363,4993,993,5.0,31,12,272,275,507,3216,15,19,5.9,167,451,1777,17,3.9,83,110,966,22,29.3,13.9,231.26
2011,14,Buffalo Bills,6,10,16,372,5624,992,5.7,30,5,313,356,578,3703,24,25,6.2,180,391,1921,12,4.9,100,86,743,33,31.2,15.9,-104.05,30,434,5938,1003,5.9,31,11,340,321,507,3714,30,20,6.9,196,467,2224,19,4.8,120,85,871,24,37.0,15.3,8.91
2011,15,Dallas Cowboys,8,8,16,369,6008,1017,5.9,21,9,327,376,570,4201,33,12,6.9,219,408,1807,5,4.4,91,114,816,17,37.8,11.4,-45.46,16,347,5491,972,5.6,25,10,305,336,545,3906,24,15,6.7,199,385,1585,10,4.1,78,85,650,28,33.3,13.3,81.38
2011,16,Oakland Raiders,8,8,16,359,6072,1015,6.0,30,7,328,315,524,3962,20,23,7.2,186,466,2110,16,4.5,110,163,1358,32,34.7,15.5,-151.03,29,433,6201,1070,5.8,26,8,369,324,601,4023,31,18,6.3,206,430,2178,15,5.1,105,120,982,58,35.6,12.8,-50.99
2011,17,Chicago Bears,8,8,16,353,5026,978,5.1,29,9,271,268,473,3011,18,20,5.8,153,456,2015,10,4.4,97,104,800,21,28.6,14.6,-192.92,14,341,5607,1048,5.4,31,11,291,383,631,4065,22,20,6.1,199,384,1542,10,4.0,75,98,719,17,30.5,14.3,163.1
2011,18,Cincinnati Bengals,9,7,16,344,5118,1015,5.0,22,8,285,308,535,3340,21,14,6.0,160,455,1778,10,3.9,93,99,874,32,32.5,9.6,-104.83,9,323,5060,1009,5.0,22,12,284,319,539,3385,21,10,5.8,170,425,1675,14,3.9,94,101,878,20,28.5,11.0,125.26
2011,19,Minnesota Vikings,3,13,16,340,5275,1007,5.2,26,9,297,286,510,2957,20,17,5.3,159,448,2318,18,5.2,118,109,908,20,31.7,13.2,-77.5,31,449,5731,1027,5.6,23,15,332,367,538,4019,34,8,6.8,213,439,1712,10,3.9,92,97,834,27,41.1,10.8,34.94
2011,20,Miami Dolphins,6,10,16,329,5078,990,5.1,25,12,287,280,469,3091,20,13,5.9,166,469,1987,11,4.2,89,85,779,32,32.8,12.8,-126.5,6,313,5522,1043,5.3,19,3,310,350,590,3992,24,16,6.3,198,412,1530,8,3.7,88,112,975,24,29.7,8.7,113.78
2011,21,Tennessee Titans,9,7,16,325,5361,984,5.4,22,8,281,353,584,3923,22,14,6.5,185,376,1438,8,3.8,71,104,960,25,31.4,11.7,-77.3,8,317,5682,1080,5.3,23,12,324,369,591,3629,21,11,5.9,187,461,2053,10,4.5,111,99,812,26,31.0,12.3,95.9
2011,22,Pittsburgh Steelers,12,4,16,325,5957,1015,5.9,28,13,341,341,539,4054,21,15,7.0,221,434,1903,13,4.4,96,101,854,24,33.9,16.7,-91.67,1,227,4348,964,4.5,15,4,264,289,530,2751,15,11,4.9,156,399,1597,7,4.0,82,96,777,26,26.0,8.3,72.09
2011,23,Seattle Seahawks,7,9,16,321,4861,1003,4.8,23,9,265,299,509,3105,15,14,5.6,153,444,1756,15,4.0,89,138,1047,23,27.8,11.6,-137.47,7,315,5315,1049,5.1,31,9,310,324,543,3518,18,22,6.1,174,473,1797,10,3.8,96,96,907,40,28.6,14.8,179.96
2011,24,Arizona Cardinals,8,8,16,312,5192,993,5.2,32,9,286,307,550,3567,21,23,5.9,175,389,1625,12,4.2,83,106,1004,28,26.1,15.6,-98.26,17,348,5682,1095,5.2,19,9,333,340,578,3696,17,10,6.0,174,475,1986,15,4.2,118,122,950,41,32.8,9.3,158.01
2011,25,Denver Broncos,8,8,16,309,5066,1017,5.0,30,17,286,217,429,2434,20,13,5.2,130,546,2632,11,4.8,129,101,843,27,24.5,14.2,-154.77,24,390,5725,1063,5.4,18,9,315,333,534,3704,24,9,6.4,182,488,2021,11,4.1,101,99,845,32,33.0,7.8,68.03
2011,26,Washington Redskins,5,11,16,288,5387,1032,5.2,35,11,312,346,591,3773,19,24,6.0,204,400,1614,8,4.0,79,91,897,29,30.9,18.6,-194.94,21,367,5437,988,5.5,21,8,295,308,509,3553,22,13,6.5,180,438,1884,15,4.3,95,123,1006,20,37.4,10.5,50.0
2011,27,Tampa Bay Buccaneers,4,12,16,287,5108,966,5.3,40,16,277,365,588,3650,17,24,5.9,180,346,1458,9,4.2,74,123,1007,23,28.7,20.4,-185.87,32,494,6311,1002,6.3,24,10,356,301,481,3814,30,14,7.6,188,498,2497,26,5.0,135,95,786,33,42.9,13.0,-39.05
2011,28,Jacksonville Jaguars,5,11,16,243,4149,1002,4.1,23,8,251,240,469,2179,12,15,4.2,122,489,1970,9,4.0,103,77,680,26,22.7,11.3,-229.23,11,329,5008,979,5.1,28,11,268,326,513,3341,21,17,6.1,175,435,1667,14,3.8,73,105,895,20,29.2,13.3,136.8
2011,29,Indianapolis Colts,2,14,16,243,4589,951,4.8,29,15,258,302,534,2995,14,14,5.3,170,382,1594,8,4.2,69,76,549,19,24.2,15.6,-156.99,28,430,5935,1062,5.6,17,9,343,351,493,3632,25,8,7.0,193,540,2303,19,4.3,136,84,804,14,39.2,9.1,78.11
2011,30,Cleveland Browns,4,12,16,218,4621,1024,4.5,19,6,278,320,570,3090,16,13,5.1,173,415,1531,4,3.7,77,95,847,28,24.4,10.0,-180.18,5,307,5318,1035,5.1,20,11,301,265,469,2959,16,9,5.9,149,534,2359,12,4.4,124,90,726,28,33.3,11.5,142.2
2011,31,Kansas City Chiefs,7,9,16,212,4973,1021,4.9,28,10,277,299,500,3080,13,18,5.8,163,487,1893,5,3.9,89,110,916,25,22.2,12.7,-185.47,12,338,5333,991,5.4,26,6,291,257,454,3221,23,20,6.7,169,508,2112,14,4.2,96,108,834,26,31.9,13.8,108.08
2011,32,St. Louis Rams,2,14,16,193,4537,1013,4.5,23,13,267,292,549,2870,9,10,4.8,159,409,1667,7,4.1,79,112,899,29,18.9,11.2,-237.06,26,407,5734,1033,5.6,18,6,313,293,484,3301,21,12,6.3,166,510,2433,17,4.8,122,111,951,25,35.9,8.9,12.31
2012,1,New England Patriots,12,4,16,557,6846,1191,5.7,16,7,444,402,641,4662,34,9,7.0,256,523,2184,25,4.2,151,97,840,37,48.1,8.1,118.97,10,331,5972,1046,5.7,41,21,340,369,594,4342,27,20,6.9,207,415,1630,10,3.9,100,101,932,33,30.1,20.4,83.26
2012,2,Denver Broncos,13,3,16,481,6366,1090,5.8,25,14,380,402,588,4534,37,11,7.4,232,481,1832,12,3.8,112,100,805,36,39.9,12.2,54.27,4,289,4652,1015,4.6,24,8,287,321,559,3194,25,16,5.2,183,404,1458,5,3.6,73,123,951,31,26.9,11.9,140.44
2012,3,New Orleans Saints,7,9,16,461,6574,1067,6.2,24,5,352,423,671,4997,43,19,7.2,267,370,1577,10,4.3,64,104,911,21,37.4,12.1,74.33,31,454,7042,1089,6.5,26,11,380,370,602,4681,31,15,7.4,236,457,2361,18,5.2,116,102,835,28,39.6,13.0,-24.2
2012,4,Washington Redskins,10,6,16,436,6131,994,6.2,14,6,341,291,442,3422,24,8,7.2,171,519,2709,22,5.2,144,116,985,26,39.3,7.7,-16.5,22,388,6043,1031,5.9,31,10,340,393,636,4511,31,21,6.8,223,363,1532,11,4.2,89,100,811,28,38.3,16.9,67.07
2012,5,Green Bay Packers,11,5,16,433,5751,1042,5.5,16,8,341,374,558,4049,40,8,6.6,213,433,1702,9,3.9,85,103,923,43,37.6,8.1,25.77,11,336,5388,1033,5.2,23,5,308,313,568,3492,24,18,5.7,191,418,1896,12,4.5,83,123,1055,34,33.2,11.8,81.27
2012,6,New York Giants,9,7,16,429,5687,968,5.9,21,6,327,323,539,3825,26,15,6.8,187,409,1862,18,4.6,103,72,578,37,43.8,11.9,-14.71,13,344,6134,1016,6.0,35,14,317,341,534,4068,26,21,7.2,196,449,2066,9,4.6,104,102,900,17,35.4,17.1,64.81
2012,7,Atlanta Falcons,13,3,16,419,5906,1021,5.8,18,4,343,422,615,4509,32,14,7.0,247,378,1397,12,3.7,70,55,415,26,44.0,10.3,-18.12,5,299,5849,991,5.9,31,11,298,337,551,3878,14,20,6.7,189,411,1971,16,4.8,99,83,641,10,31.7,17.2,40.76
2012,8,Houston Texans,12,4,16,416,5953,1090,5.5,17,4,341,354,554,3830,22,13,6.6,205,508,2123,19,4.2,114,108,873,22,35.6,8.4,-20.08,9,331,5172,1015,5.1,29,14,292,308,581,3612,29,15,5.8,167,390,1560,5,4.0,94,90,863,31,28.0,14.5,124.55
2012,9,Seattle Seahawks,11,5,16,412,5610,974,5.8,18,8,311,259,405,3031,27,10,6.9,153,536,2579,16,4.8,129,110,890,29,39.4,10.0,9.07,1,245,4899,968,5.1,31,13,295,327,564,3250,15,18,5.4,186,368,1649,8,4.5,80,102,902,29,27.2,16.0,133.75
2012,10,Baltimore Ravens,10,6,16,398,5640,1042,5.4,16,5,314,334,560,3739,22,11,6.3,182,444,1901,17,4.3,98,121,1127,34,35.8,7.8,22.03,12,344,5615,1086,5.2,25,12,326,335,557,3650,15,13,6.1,187,492,1965,15,4.0,105,107,929,34,34.9,12.0,132.17
2012,11,San Francisco 49ers,11,4,16,397,5789,969,6.0,16,8,322,289,436,3298,23,8,6.9,172,492,2491,17,5.1,128,109,960,22,39.3,7.9,-15.31,2,273,4710,1012,4.7,25,11,284,337,567,3203,19,14,5.3,178,407,1507,7,3.7,72,93,758,34,26.7,12.8,114.89
2012,12,Cincinnati Bengals,10,6,16,391,5323,1016,5.2,26,10,292,335,540,3578,28,16,6.1,173,430,1745,11,4.1,95,99,857,24,35.4,12.8,-90.48,8,320,5115,1034,4.9,30,16,307,346,560,3400,16,14,5.6,183,423,1715,13,4.1,99,90,779,25,29.3,14.1,192.22
2012,13,Tampa Bay Buccaneers,7,9,16,389,5820,1008,5.8,23,6,301,311,566,3983,27,17,6.7,188,416,1837,13,4.4,89,101,819,24,35.2,10.9,-32.9,23,394,6078,1031,5.9,26,8,329,410,627,4758,30,18,7.3,226,377,1320,13,3.5,75,103,851,28,32.8,12.5,18.91
2012,14,Minnesota Vikings,10,6,16,379,5385,1001,5.4,23,11,306,300,483,2751,18,12,5.3,163,486,2634,16,5.4,113,90,830,30,37.9,12.6,-59.9,14,348,5600,1083,5.2,22,12,345,391,612,3908,28,10,6.0,229,427,1692,10,4.0,82,111,949,34,33.7,11.8,56.23
2012,15,Dallas Cowboys,8,8,16,376,5994,1049,5.7,29,10,338,434,658,4729,29,19,6.8,237,355,1265,8,3.6,76,117,853,25,36.7,15.0,-39.11,24,400,5687,986,5.8,16,9,317,320,511,3684,22,7,6.8,195,441,2003,17,4.5,92,89,726,30,38.9,8.0,41.54
2012,16,Chicago Bears,10,6,16,375,4969,999,5.0,24,8,292,287,485,2999,21,16,5.7,163,470,1970,11,4.2,99,102,811,30,30.3,11.8,-115.17,3,277,5050,1021,4.9,44,20,286,350,592,3423,19,24,5.4,186,388,1627,6,4.2,75,78,704,25,25.1,20.5,206.62
2012,17,Detroit Lions,4,12,16,372,6540,1160,5.6,33,16,382,445,740,4927,22,17,6.4,272,391,1613,17,4.1,84,103,944,26,36.0,15.2,-59.66,27,437,5458,998,5.5,17,6,305,346,544,3569,26,11,6.2,167,420,1889,13,4.5,107,93,789,31,36.8,8.4,34.54
2012,18,Carolina Panthers,7,9,16,357,5771,988,5.8,22,10,328,284,490,3683,19,12,7.0,171,462,2088,21,4.5,123,98,835,34,32.6,10.3,2.08,18,363,5329,1010,5.3,23,12,326,371,555,3568,22,11,6.0,196,416,1761,11,4.2,98,86,711,32,38.6,11.9,40.88
2012,19,Indianapolis Colts,11,5,16,357,5799,1109,5.2,27,9,360,339,628,4128,23,18,6.2,208,440,1671,11,3.8,110,94,801,42,33.3,13.9,-73.11,21,387,5988,995,6.0,15,3,325,334,535,3788,23,12,6.7,190,428,2200,14,5.1,102,128,1208,33,38.3,8.3,-40.83
2012,20,San Diego Chargers,7,9,16,350,4756,988,4.8,26,11,293,338,528,3295,26,15,5.7,184,411,1461,4,3.6,81,103,796,28,30.6,13.9,-125.47,16,350,5223,1012,5.2,28,14,316,347,568,3681,28,14,6.1,201,406,1542,10,3.8,85,102,798,30,31.3,13.7,106.5
2012,21,Buffalo Bills,6,10,16,344,5486,983,5.6,34,17,301,309,511,3269,24,17,6.0,176,442,2217,12,5.0,103,104,871,22,30.0,17.4,-100.38,26,435,5806,1042,5.6,21,9,349,306,536,3473,25,12,6.1,182,470,2333,23,5.0,136,80,693,31,37.1,10.8,-27.22
2012,22,Pittsburgh Steelers,8,8,16,336,5324,1023,5.2,30,16,307,354,574,3787,27,14,6.2,202,412,1537,8,3.7,80,92,938,25,33.9,15.6,-108.05,6,314,4413,951,4.6,20,10,273,299,523,2963,19,10,5.3,169,391,1450,9,3.7,78,100,882,26,30.8,10.4,62.83
2012,23,Tennessee Titans,6,10,16,330,5010,957,5.2,28,12,260,318,540,3323,17,16,5.7,166,378,1687,10,4.5,70,106,847,24,27.7,14.9,-109.54,32,471,5999,1086,5.5,24,5,358,374,564,3964,31,19,6.6,210,483,2035,16,4.2,122,86,717,26,39.8,12.6,22.2
2012,24,Cleveland Browns,5,11,16,302,5028,998,5.0,26,8,279,328,566,3435,16,18,5.7,185,396,1593,12,4.0,71,113,1005,23,29.8,12.0,-139.68,19,368,5821,1095,5.3,29,12,345,378,600,3923,27,17,6.1,203,457,1898,14,4.2,104,120,1008,38,30.7,14.6,83.87
2012,25,St. Louis Rams,7,8,16,299,5264,1002,5.3,22,8,287,332,557,3550,22,14,6.0,189,410,1714,5,4.2,79,130,978,19,27.5,11.0,-136.28,15,348,5482,1041,5.3,21,4,327,362,547,3602,16,17,6.0,197,442,1880,18,4.3,107,90,758,23,34.6,10.8,85.63
2012,26,Oakland Raiders,4,12,16,290,5504,1032,5.3,26,10,300,376,629,4084,24,16,6.2,200,376,1420,4,3.8,72,108,939,28,31.4,12.8,-118.39,28,443,5672,995,5.7,19,8,304,347,526,3775,28,11,6.9,180,444,1897,18,4.3,95,101,925,29,41.2,9.1,6.5
2012,27,Miami Dolphins,7,9,16,288,4984,981,5.1,26,13,288,293,504,3182,13,13,5.9,158,440,1802,15,4.1,93,82,724,37,27.4,12.9,-88.66,7,317,5708,1073,5.3,16,6,320,353,600,3974,18,10,6.2,215,431,1734,10,4.0,79,121,1045,26,32.2,8.2,134.88
2012,28,New York Jets,6,10,16,281,4787,1034,4.6,37,18,299,272,493,2891,14,19,5.4,162,494,1896,12,3.8,102,83,708,35,24.2,17.5,-166.55,20,375,5174,1019,5.1,23,12,293,266,494,3036,20,11,5.8,161,495,2138,17,4.3,96,109,805,36,30.6,11.4,84.02
2012,29,Philadelphia Eagles,4,12,16,280,5665,1079,5.3,37,22,332,367,618,3791,18,15,5.7,190,413,1874,10,4.5,111,98,813,31,29.9,17.9,-174.47,29,444,5491,994,5.5,13,5,317,292,485,3470,33,8,6.7,178,479,2021,11,4.2,108,118,996,31,39.0,6.6,6.57
2012,30,Jacksonville Jaguars,2,14,16,255,4788,994,4.8,26,9,269,328,586,3419,20,17,5.4,157,358,1369,5,3.8,76,101,955,36,25.5,12.8,-192.09,30,444,6088,1100,5.5,23,11,364,341,535,3832,21,12,6.9,194,545,2256,19,4.1,133,101,820,37,39.8,11.0,-18.48
2012,31,Arizona Cardinals,5,11,16,250,4209,1018,4.1,34,13,246,337,608,3005,11,21,4.5,168,352,1204,10,3.4,58,102,857,20,22.0,14.8,-297.04,17,357,5405,1041,5.2,33,11,288,270,497,3213,20,22,6.0,160,506,2192,12,4.3,107,100,810,21,27.0,14.2,169.34
2012,32,Kansas City Chiefs,2,14,16,211,5108,1015,5.0,37,17,286,273,475,2713,8,20,5.3,144,500,2395,9,4.8,118,92,733,24,24.2,18.8,-203.56,25,425,5704,973,5.9,13,6,301,279,464,3533,29,7,7.2,176,482,2171,11,4.5,106,81,670,19,40.4,6.2,-16.83
2013,1,Denver Broncos,13,3,16,606,7317,1156,6.3,26,16,435,461,675,5444,55,10,7.8,293,461,1873,16,4.1,107,117,1000,35,47.5,10.4,277.21,22,399,5696,1074,5.3,26,9,339,357,613,4070,29,17,6.2,208,420,1626,15,3.9,90,97,807,41,32.5,12.6,-54.32
2013,2,Chicago Bears,8,8,16,445,6109,1013,6.0,23,10,344,373,579,4281,32,13,7.0,215,404,1828,13,4.5,102,85,708,27,39.0,12.1,75.28,31,478,6313,1021,6.2,28,9,353,315,507,3730,25,19,6.9,184,483,2583,22,5.3,147,69,647,22,42.7,15.2,-118.14
2013,3,New England Patriots,12,4,16,444,6152,1138,5.4,20,9,378,380,628,4087,25,11,6.1,225,470,2065,19,4.4,110,69,625,43,40.8,10.0,100.43,10,338,5969,1118,5.3,29,12,338,336,589,3824,25,17,6.0,208,481,2145,11,4.5,110,110,951,20,29.6,13.3,-42.78
2013,4,Philadelphia Eagles,10,6,16,442,6676,1054,6.3,19,10,355,310,508,4110,32,9,7.4,197,500,2566,19,5.1,133,95,846,25,36.8,9.0,134.05,17,382,6304,1150,5.5,31,12,368,408,670,4636,25,19,6.6,239,443,1668,12,3.8,100,106,855,29,32.7,15.3,-35.53
2013,5,Dallas Cowboys,8,8,16,439,5458,957,5.7,20,8,325,375,586,3954,33,12,6.4,213,336,1504,12,4.5,80,102,867,32,39.9,9.8,88.89,26,432,6645,1094,6.1,28,13,388,403,623,4589,33,15,7.0,231,437,2056,17,4.7,122,112,875,35,39.7,13.8,-96.77
2013,6,Cincinnati Bengals,11,5,16,430,5891,1097,5.4,30,10,330,364,587,4136,33,20,6.7,205,481,1755,14,3.6,101,102,1000,24,32.3,14.9,33.5,5,305,4888,1042,4.7,31,11,282,362,614,3344,22,20,5.1,178,385,1544,6,4.0,72,69,692,32,27.4,15.2,92.97
2013,7,Kansas City Chiefs,11,5,16,430,5396,1029,5.2,18,10,323,333,546,3340,24,8,5.7,179,442,2056,17,4.7,110,101,774,34,32.0,9.1,38.85,6,305,5885,1067,5.5,36,15,303,334,592,3962,25,21,6.2,189,428,1923,9,4.5,88,112,852,26,27.5,15.7,26.34
2013,8,Green Bay Packers,8,7,16,417,6404,1074,6.0,25,9,351,366,570,4268,25,16,6.9,201,459,2136,17,4.7,119,86,801,31,40.9,12.4,113.82,25,428,5956,1015,5.9,22,11,330,332,539,3956,30,11,6.8,190,432,2000,16,4.6,116,99,883,24,38.9,12.2,-116.87
2013,9,Seattle Seahawks,13,3,16,417,5424,973,5.6,19,10,307,267,420,3236,27,9,7.0,160,509,2188,14,4.3,116,128,1183,31,40.7,9.3,60.55,1,231,4378,990,4.4,39,11,282,309,524,2752,16,28,4.8,156,422,1626,4,3.9,83,98,879,43,24.7,19.4,129.49
2013,10,New Orleans Saints,11,5,16,414,6391,1079,5.9,19,7,359,446,651,4918,39,12,7.1,244,391,1473,10,3.8,87,95,817,28,40.3,8.3,169.86,4,304,4891,943,5.2,19,7,274,304,507,3105,20,12,5.6,168,387,1786,11,4.6,82,91,750,24,30.4,10.5,-15.21
2013,11,San Francisco 49ers,12,4,16,406,5180,961,5.4,18,10,286,244,417,2979,21,8,6.5,148,505,2201,18,4.4,115,103,845,23,37.8,9.0,58.16,3,272,5071,1020,5.0,30,12,284,345,585,3536,19,18,5.7,181,397,1535,11,3.9,77,96,878,26,26.2,13.1,67.25
2013,12,San Diego Chargers,9,7,16,396,6293,1060,5.9,21,10,373,378,544,4328,32,11,7.5,230,486,1965,9,4.0,104,95,765,39,44.9,11.4,186.29,11,348,5864,959,6.1,17,6,327,364,548,4139,23,11,7.1,208,376,1725,14,4.6,98,100,850,21,36.1,9.6,-120.17
2013,13,Detroit Lions,7,9,16,395,6274,1102,5.7,34,15,350,371,634,4482,29,19,6.8,221,445,1792,15,4.0,106,110,925,23,32.1,17.3,25.59,15,376,5546,982,5.6,22,7,290,338,572,3950,24,15,6.5,197,377,1596,10,4.2,62,87,681,31,35.7,11.1,-25.01
2013,14,Indianapolis Colts,11,5,16,391,5468,1023,5.3,14,4,318,350,582,3725,23,10,6.1,191,409,1743,15,4.3,88,66,576,39,38.8,6.9,98.0,9,336,5713,1026,5.6,27,12,319,324,536,3711,21,15,6.4,191,448,2002,14,4.5,101,112,990,27,31.7,13.7,-82.63
2013,15,Minnesota Vikings,5,10,16,391,5508,1013,5.4,32,13,309,325,546,3427,18,19,5.8,173,423,2081,23,4.9,106,70,695,30,34.4,14.9,24.52,32,480,6362,1132,5.6,20,8,368,419,648,4595,37,12,6.7,247,443,1767,14,4.0,101,100,1003,20,39.6,9.1,-122.7
2013,16,Arizona Cardinals,10,6,16,379,5542,1037,5.3,31,9,329,363,574,4002,24,22,6.5,205,422,1540,12,3.6,84,96,744,40,33.0,15.5,-5.74,7,324,5079,1042,4.9,30,10,309,367,625,3728,29,20,5.5,208,370,1351,5,3.7,68,111,960,33,28.9,13.7,64.88
2013,17,Pittsburgh Steelers,8,8,16,379,5400,1023,5.3,24,10,312,377,586,4017,28,14,6.4,207,394,1383,9,3.5,81,80,677,24,35.4,12.7,26.81,14,370,5395,1036,5.2,20,10,303,329,569,3546,21,10,5.9,174,433,1849,18,4.3,106,92,798,23,35.3,10.5,11.02
2013,18,Carolina Panthers,12,4,16,366,5069,999,5.1,19,6,319,292,473,3043,24,13,5.9,169,483,2026,14,4.2,122,80,671,28,36.5,9.4,90.4,2,241,4820,975,4.9,30,10,278,375,563,3429,17,20,5.5,178,352,1391,4,4.0,70,84,753,30,28.7,16.3,61.39
2013,19,Tennessee Titans,7,9,16,362,5390,1032,5.2,25,9,311,328,533,3496,22,16,6.1,172,462,1894,16,4.1,103,101,900,36,34.2,11.4,46.52,16,381,5407,1027,5.3,25,12,329,344,545,3612,15,13,6.2,191,446,1795,21,4.0,108,95,779,30,35.8,13.2,-25.65
2013,20,Atlanta Falcons,4,12,16,353,5490,1024,5.4,28,11,330,445,659,4243,26,17,6.0,227,321,1247,11,3.9,64,91,788,39,34.1,14.5,48.53,27,443,6070,1003,6.1,21,11,326,341,516,3897,31,10,7.1,196,455,2173,14,4.8,102,104,885,28,45.1,11.4,-125.65
2013,21,St. Louis Rams,7,9,16,348,4877,968,5.0,21,10,282,301,506,3125,22,11,5.8,165,426,1752,10,4.1,82,123,1009,35,31.5,11.4,-11.2,13,364,5520,1014,5.4,29,15,337,355,521,3874,21,14,6.7,203,440,1646,18,3.7,87,105,978,47,31.0,14.7,-32.49
2013,22,Buffalo Bills,6,10,16,339,5410,1116,4.8,27,12,301,299,522,3103,16,15,5.4,149,546,2307,15,4.2,113,110,954,39,29.9,12.1,-59.11,20,388,5334,1089,4.9,30,7,308,310,561,3271,28,23,5.3,170,471,2063,10,4.4,98,108,931,40,32.2,14.0,43.14
2013,23,Washington Redskins,3,13,16,334,5915,1107,5.3,34,15,329,355,611,3751,20,19,5.7,198,453,2164,14,4.8,112,99,802,19,27.6,16.6,-42.64,30,478,5665,993,5.7,26,10,329,337,514,3896,29,16,7.1,204,443,1769,23,4.0,102,83,697,23,36.7,13.1,-57.77
2013,24,Oakland Raiders,4,12,16,322,5340,1000,5.3,31,11,275,298,519,3340,17,20,5.9,168,437,2000,16,4.6,90,116,912,17,27.8,14.9,-52.12,29,453,5819,1029,5.7,22,13,330,374,549,4092,33,9,7.0,202,442,1727,15,3.9,100,87,686,28,38.6,9.5,-104.98
2013,25,Baltimore Ravens,8,8,16,320,4918,1090,4.5,29,6,295,363,619,3590,19,23,5.4,189,423,1328,7,3.1,68,112,942,38,30.9,13.5,-95.39,12,352,5368,1032,5.2,24,8,284,314,552,3681,25,16,6.2,176,440,1687,7,3.8,79,126,1196,29,31.4,10.3,21.7
2013,26,Miami Dolphins,8,8,16,317,5007,1001,5.0,26,7,278,357,594,3567,24,19,5.5,205,349,1440,8,4.1,61,70,598,12,29.9,13.4,-18.67,8,335,5750,1106,5.2,24,6,327,344,580,3752,17,18,6.0,192,484,1998,14,4.1,114,95,748,21,33.5,11.9,-21.18
2013,27,Cleveland Browns,4,12,16,308,5423,1078,5.0,29,9,301,379,681,4040,26,20,5.5,200,348,1383,4,4.0,77,104,920,24,26.2,13.8,-83.4,23,406,5319,1107,4.8,21,7,328,363,605,3538,29,14,5.5,197,462,1781,13,3.9,103,95,745,28,34.0,9.9,-15.2
2013,28,New York Giants,7,9,16,294,4920,988,5.0,44,15,280,325,567,3588,18,29,5.9,176,381,1332,11,3.5,77,91,786,27,25.5,20.1,-106.96,18,383,5316,1089,4.9,29,12,327,361,601,3573,21,17,5.6,198,454,1743,12,3.8,101,105,904,28,31.0,13.0,59.98
2013,29,New York Jets,8,8,16,290,5090,1020,5.0,29,7,280,266,480,2932,13,22,5.6,154,493,2158,12,4.4,105,108,837,21,29.6,14.8,-94.9,19,387,5359,1048,5.1,15,2,293,345,586,3947,26,13,6.3,198,421,1412,9,3.4,68,92,833,27,35.4,7.3,-15.17
2013,30,Tampa Bay Buccaneers,4,12,16,288,4432,981,4.5,21,9,269,291,514,2820,22,12,5.0,157,420,1612,6,3.8,75,121,1136,37,27.1,9.6,-79.47,21,389,5568,1020,5.5,31,10,324,352,547,3806,30,21,6.5,190,438,1762,10,4.0,95,105,1012,39,38.0,15.0,-39.75
2013,31,Houston Texans,2,14,16,276,5556,1089,5.1,31,9,307,371,633,3813,19,22,5.6,198,414,1743,7,4.2,90,112,1138,19,25.9,14.9,-85.06,24,428,5081,970,5.2,11,4,282,287,484,3123,29,7,6.1,158,454,1958,11,4.3,88,103,809,36,36.1,5.7,-57.34
2013,32,Jacksonville Jaguars,4,12,16,247,4701,1020,4.6,27,6,271,349,592,3441,16,21,5.4,176,378,1260,7,3.3,71,96,797,24,23.6,13.8,-130.11,28,449,6070,1089,5.6,21,10,353,354,551,3962,29,11,6.8,200,507,2108,20,4.2,121,87,729,32,38.1,10.7,-85.34
2014,1,Green Bay Packers,12,4,16,486,6178,1001,6.2,13,7,356,349,536,4261,38,6,7.5,222,435,1917,14,4.4,104,92,775,30,46.7,7.1,172.28,14,348,5542,1054,5.3,27,9,339,333,564,3623,26,18,6.0,196,449,1919,11,4.3,116,104,945,27,33.1,14.9,-33.95
2014,2,Denver Broncos,12,4,16,482,6446,1067,6.0,20,5,360,399,607,4661,40,15,7.5,227,443,1785,15,4.0,98,120,1045,35,39.9,9.6,140.4,16,354,4883,1031,4.7,25,7,311,399,641,3607,29,18,5.3,219,349,1276,9,3.7,60,103,816,32,31.3,11.8,5.24
2014,3,Philadelphia Eagles,10,6,16,474,6348,1127,5.6,36,15,356,384,621,4356,27,21,6.7,218,474,1992,16,4.2,109,115,995,29,36.9,17.2,35.17,22,400,6009,1113,5.4,28,16,338,345,591,4238,30,12,6.6,211,473,1771,14,3.7,88,121,1089,39,31.1,12.7,-31.44
2014,4,New England Patriots,12,4,16,468,5848,1073,5.5,13,4,361,392,609,4121,34,9,6.5,228,438,1727,13,3.9,96,120,1080,37,45.3,7.2,181.12,8,313,5506,1033,5.3,25,9,329,342,574,3837,24,16,6.2,196,419,1669,6,4.0,88,92,752,45,32.4,13.2,-51.58
2014,5,Dallas Cowboys,12,4,16,467,6138,1014,6.1,25,14,342,328,476,3784,37,11,7.5,205,508,2354,16,4.6,106,105,839,31,43.6,12.8,174.23,15,352,5681,978,5.8,31,13,315,371,558,4031,22,18,6.9,195,392,1650,18,4.2,86,104,861,34,31.3,16.8,-69.98
2014,6,Indianapolis Colts,11,5,16,458,6506,1105,5.9,31,15,371,410,661,4894,42,16,7.1,251,415,1612,9,3.9,80,105,848,40,39.5,14.6,83.73,19,369,5483,1007,5.4,26,14,309,320,543,3669,27,12,6.3,175,423,1814,14,4.3,103,101,866,31,28.1,12.6,-12.0
2014,7,Pittsburgh Steelers,11,5,16,436,6577,1068,6.2,21,11,379,411,612,4825,33,10,7.5,243,423,1752,10,4.1,98,103,834,38,41.4,11.5,156.58,18,368,5654,944,6.0,21,10,314,350,543,4049,30,11,7.0,193,368,1605,9,4.4,88,97,835,33,39.7,11.5,-73.84
2014,8,Baltimore Ravens,10,6,16,409,5838,1021,5.7,20,8,345,344,554,3819,27,12,6.7,194,448,2019,16,4.5,113,111,870,38,39.6,9.9,135.24,6,302,5391,1034,5.2,22,11,311,382,595,3979,22,11,6.2,205,390,1412,8,3.6,75,110,1007,31,33.3,11.7,-18.91
2014,9,New Orleans Saints,7,9,16,401,6582,1095,6.0,30,13,395,456,659,4764,33,17,6.9,258,406,1818,16,4.5,101,80,670,36,39.1,16.7,151.45,28,424,6144,1022,6.0,17,5,345,341,546,4019,26,12,6.9,205,442,2125,17,4.8,111,105,889,29,43.3,9.9,-128.38
2014,10,Seattle Seahawks,12,4,16,394,6012,1021,5.9,14,7,328,287,454,3250,20,7,6.6,160,525,2762,20,5.3,144,130,1009,24,40.6,6.9,137.18,1,254,4274,924,4.6,24,11,277,313,507,2970,17,13,5.5,175,380,1304,8,3.4,70,70,613,32,26.9,12.3,40.92
2014,11,Miami Dolphins,8,8,16,388,5601,1040,5.4,23,11,361,394,595,3729,27,12,5.8,226,399,1872,12,4.7,99,81,635,36,37.6,10.5,74.78,20,373,5494,1029,5.3,25,11,309,338,537,3557,27,14,6.2,194,453,1937,13,4.3,99,105,920,16,36.7,13.3,-28.48
2014,12,Atlanta Falcons,6,10,16,381,6051,1035,5.8,23,8,330,418,632,4553,28,15,6.9,233,372,1498,11,4.0,75,97,840,22,38.9,13.1,61.55,27,417,6372,1038,6.1,28,12,358,359,566,4478,20,16,7.6,224,450,1894,21,4.2,108,91,744,26,42.6,14.2,-128.96
2014,13,New York Giants,6,10,16,380,5875,1086,5.4,28,14,336,383,607,4272,30,14,6.7,218,449,1603,13,3.6,83,101,896,35,34.7,12.4,40.61,23,400,6012,1007,6.0,26,9,326,324,522,3850,25,17,6.8,187,438,2162,15,4.9,112,105,948,27,35.4,12.8,-58.87
2014,14,Houston Texans,9,7,16,372,5513,1062,5.2,22,9,313,295,485,3352,22,13,6.6,171,551,2161,12,3.9,108,94,834,34,33.0,11.3,13.01,7,307,5571,1077,5.2,34,14,329,363,619,3890,28,20,5.9,206,420,1681,6,4.0,89,99,786,34,26.6,16.1,75.87
2014,15,Cincinnati Bengals,10,5,16,365,5568,1018,5.5,26,9,313,323,503,3421,20,17,6.5,164,492,2147,19,4.4,122,102,812,27,34.0,13.1,13.84,12,344,5749,1067,5.4,26,6,337,365,608,3888,18,20,6.2,197,439,1861,16,4.2,105,105,876,35,32.6,13.6,-39.01
2014,16,Kansas City Chiefs,9,7,16,353,5100,962,5.3,17,11,309,320,493,3182,18,6,5.9,184,420,1918,18,4.6,92,88,681,33,35.8,9.2,52.61,2,281,5288,1024,5.2,14,8,310,318,545,3252,22,6,5.5,184,433,2036,4,4.7,108,107,851,18,32.6,6.7,-16.38
2014,17,San Diego Chargers,9,7,16,348,5465,1009,5.4,23,5,326,380,574,4098,31,18,6.7,214,398,1367,6,3.4,75,111,967,37,33.9,12.6,64.94,13,348,5413,988,5.5,18,11,307,320,524,3427,24,7,6.2,168,438,1986,11,4.5,98,129,1067,41,35.8,9.5,-52.29
2014,18,Buffalo Bills,9,7,16,343,5096,1020,5.0,23,10,273,363,579,3614,23,13,5.8,186,402,1482,7,3.7,65,124,1031,22,32.5,11.2,-43.33,4,289,4995,1027,4.9,30,11,302,337,559,3292,16,19,5.4,171,414,1703,10,4.1,89,104,849,42,28.3,14.1,43.28
2014,19,Carolina Panthers,7,8,16,339,5547,1060,5.2,23,11,347,327,545,3511,23,12,6.0,199,473,2036,10,4.3,117,83,756,31,34.8,11.8,44.08,21,374,5437,999,5.4,26,12,309,364,562,3645,25,14,6.1,193,397,1792,14,4.5,91,97,760,25,34.1,14.0,-38.36
2014,20,Minnesota Vikings,7,9,16,325,5048,981,5.1,20,2,288,322,517,3244,17,18,5.7,171,413,1804,12,4.4,90,100,836,27,31.8,10.8,6.55,11,343,5515,1025,5.4,19,6,321,353,534,3572,26,13,6.2,189,450,1943,10,4.3,100,112,938,32,34.1,10.1,-39.67
2014,21,St. Louis Rams,6,10,16,324,5035,957,5.3,27,11,288,327,515,3400,20,16,6.0,189,395,1635,11,4.1,79,123,1139,20,29.6,14.0,-44.13,17,354,5626,1005,5.6,25,12,301,368,540,3861,18,13,6.7,189,425,1765,12,4.2,83,105,882,29,30.2,13.2,3.47
2014,22,Detroit Lions,11,5,16,321,5452,1045,5.2,20,8,310,365,604,4030,22,12,6.2,210,396,1422,11,3.6,72,118,989,28,32.4,9.5,50.59,3,282,4815,984,4.9,27,7,310,383,592,3706,23,20,5.8,209,350,1109,8,3.2,59,99,849,42,26.9,14.3,53.86
2014,23,Chicago Bears,5,11,16,319,5233,1005,5.2,29,10,322,396,609,3792,30,19,5.8,194,355,1441,8,4.1,91,113,997,37,27.8,16.1,-11.8,31,442,6033,1008,6.0,24,10,325,366,548,4230,34,14,7.2,227,421,1803,12,4.3,78,106,978,20,44.6,12.4,-102.23
2014,24,Arizona Cardinals,11,5,16,310,5116,993,5.2,17,5,302,320,568,3808,21,12,6.4,191,397,1308,6,3.3,67,91,707,44,30.9,9.4,-9.8,5,299,5891,1010,5.8,25,7,300,365,579,4152,22,18,6.8,195,396,1739,9,4.4,77,130,1192,28,29.8,12.8,-9.75
2014,25,San Francisco 49ers,8,8,16,306,5239,1009,5.2,22,12,303,292,487,3063,20,10,5.7,165,470,2176,10,4.6,104,116,937,34,30.9,11.8,13.79,10,340,5143,989,5.2,29,6,308,324,551,3531,29,23,6.0,188,402,1612,7,4.0,83,122,909,37,32.0,16.6,-11.11
2014,26,Washington Redskins,4,12,16,301,5738,1006,5.7,31,13,318,364,547,4047,18,18,6.7,186,401,1691,15,4.2,88,120,1130,44,29.7,15.6,14.06,29,438,5712,976,5.9,19,12,307,345,519,3990,35,7,7.2,195,421,1722,11,4.1,77,144,1164,35,37.4,8.8,-121.72
2014,27,Cleveland Browns,7,9,16,299,5193,1010,5.1,23,7,294,274,502,3465,12,16,6.5,179,477,1728,17,3.6,88,116,932,27,28.0,10.9,-21.15,9,337,5857,1118,5.2,29,8,348,335,587,3592,22,21,5.8,184,500,2265,13,4.5,126,98,769,38,32.3,13.6,-11.69
2014,28,New York Jets,4,12,16,283,5226,1052,5.0,24,9,289,287,498,2946,16,15,5.4,154,507,2280,11,4.5,112,109,932,23,31.7,11.8,-44.92,24,401,5235,976,5.4,13,7,300,345,538,3746,31,6,6.4,194,393,1489,10,3.8,74,91,780,32,37.2,5.5,-70.4
2014,29,Tampa Bay Buccaneers,2,14,16,277,4672,936,5.0,33,13,263,301,531,3297,21,20,5.7,162,353,1375,7,3.9,72,118,939,29,26.7,17.2,-67.27,25,410,5903,1067,5.5,25,11,353,387,563,4084,28,14,6.8,223,468,1819,15,3.9,103,106,935,27,38.9,13.0,-84.36
2014,30,Tennessee Titans,2,14,16,254,4859,919,5.3,26,10,258,299,513,3412,20,16,6.1,159,356,1447,6,4.1,75,111,961,24,23.6,12.6,-88.85,30,438,5968,1099,5.4,16,4,357,347,545,3773,28,12,6.5,211,515,2195,17,4.3,119,93,731,27,40.8,8.4,-111.18
2014,31,Oakland Raiders,3,13,16,253,4515,994,4.5,29,13,248,365,629,3275,22,16,5.0,173,337,1240,4,3.7,56,116,939,19,22.7,13.6,-139.47,32,452,5721,1041,5.5,14,5,320,343,538,3810,29,9,6.8,190,481,1911,17,4.0,95,116,941,35,39.6,6.6,-57.69
2014,32,Jacksonville Jaguars,3,13,16,249,4634,988,4.7,26,8,271,325,557,3001,15,18,4.8,154,360,1633,9,4.5,86,73,573,31,22.6,12.8,-120.53,26,412,5932,1085,5.5,20,14,330,355,541,3899,24,6,6.7,200,499,2033,15,4.1,107,115,886,23,36.3,9.8,-46.95
